MUNICIPIO,ID_MUNICIP,GVE,UNIDADE_DE_SAUDE,ENDERECO,TEM_SORO,TIPO_SORO,24H,TELEFONE,ACIDENTES,LATITUDE,LONGITUDE,BOTROPICO,CROTALICO,ELAPIDICO,LAQUETICO,LOXOSCELICO,FONEUTRICO,ESCORPIONICO,LONOMICO,lat,lon
ADAMANTINA,350010,GVE 19 MARILIA,SANTA CASA DE MISERICÓRDIA - ADAMANTINA,"R. JOAQUIM LUIZ VIANA, 209",1,"Botrópico, Crotálico, Loxoscélico, Fonêutrico e Escorpiônico.",1,(18) 3502-2200,JARARACA; CASCAVEL; ARANHA MARROM; ARANHA ARMADEIRA; ESCORPIÃO.,-2.169.281,-5.107.063,1,1,0,0,1,1,1,0,-21.69281,-51.07063
ADOLFO,350020,GVE 29 SAO JOSE DO RIO PRETO,"UNIDADE BÁSICA DE SAÚDE DE ADOLFO
","RUA MANOEL CARLOS FIGUEIREDO FERRAZ, ADOLFO - SP
",0,,1,(17) 3814-1295,,-2.123.312,-4.964.184,0,0,0,0,0,0,0,0,-21.23312,-49.64184
AGUAI,350030,GVE 26 SAO JOAO DA BOA VISTA,PRONTO SOCORRO MUNICIPAL DE AGUAI,"R. Alexandrino de Alençar, 127 - Vila Bom Gosto, Aguaí - SP, 13863-016",0,,1,(19) 3653-7179,,-2.206.347,-4.698.109,0,0,0,0,0,0,0,0,-22.06347,-46.98109
AGUAS DA PRATA,350040,GVE 26 SAO JOAO DA BOA VISTA,"UNIDADE INTEGRADA DE SAÚDE LEOPOLDO DE ARAÚJO
","AVENIDA LÁZARO ANSELMO RAMOS, 200 - JARDIM ÁGUAS DA PRATA, ÁGUAS DA PRATA - SP, 13890-000
",0,,0,(19) 3642-1303,,-2.194.658,-4.672.514,0,0,0,0,0,0,0,0,-21.94658,-46.72514
AGUAS DE LINDOIA,350050,GVE 17 CAMPINAS,HOSPITAL SÃO CAMILO - ÁGUAS DE LINDÓIA,"RUA SANTA CATARINA, 158",1,Escorpiônico,1,(19) 3824-1122,ESCORPIÃO.,-2.247.367,-4.663.425,0,0,0,0,0,0,1,0,-22.47367,-46.63425
AGUAS DE SANTA BARBARA,350055,GVE 16 BOTUCATU,UBS ÁGUAS DE SANTA BÁRBARA,"AVENIDA ABEL DO IMPÉRIO, 455 - JARDIM ADONIS, ÁGUAS DE SANTA BÁRBARA - SP, 18770-000
",0,,0,(14) 3765-1590,,-2.288.738,-4.923.892,0,0,0,0,0,0,0,0,-22.88738,-49.23892
AGUAS DE SAO PEDRO,350060,GVE 20 PIRACICABA,PRONTO ATENDIMENTO DE ÁGUAS DE SÃO PEDRO,"RUA ANTÔNIO FEIJÓ - CENTRO, ÁGUAS DE SÃO PEDRO - SP, 13528-021",0,,1,(19) 3482-1721,,-2.259.686,-4.787.857,0,0,0,0,0,0,0,0,-22.59686,-47.87857
AGUDOS,350070,GVE 15 BAURU,HOSPITAL DE AGUDOS,"Av. Benedito Otoni, 209 - Centro, Agudos - SP, 17120-000",0,,1,(14) 3262-8800,,-2.246.940,-4.898.442,0,0,0,0,0,0,0,0,-22.4694,-48.98442
ALAMBARI,350075,GVE 31 SOROCABA,UBS ALAMBARI,"RUA JOSÉ VLADIMIR NORONHA DE OLIVEIRA, 150 - CENTRO, ALAMBARI - SP, 18220-000",0,,0,(15) 3274-1160,,-2.355.305,-4.789.878,0,0,0,0,0,0,0,0,-23.55305,-47.89878
ALFREDO MARCONDES,350080,GVE 21 PRESIDENTE PRUDENTE,UBS DE ALFREDO MARCONDES,"RUA DAS AMÉRICAS, 558 - CENTRO, ALFREDO MARCONDES - SP, 19180-000",0,,0,(18) 3266-8350,,-2.195.264,-5.141.383,0,0,0,0,0,0,0,0,-21.95264,-51.41383
ALTAIR,350090,GVE 14 BARRETOS,UNIDADE DE SAÚDE DA FAMÍLIA - ALTAIR,"RUA JOSÉ GARCIA DE SOUZA, 205 - ALTAIR - SP, 15430-046",0,,0,-,,-2.052.323,-4.906.280,0,0,0,0,0,0,0,0,-20.52323,-49.0628
ALTINOPOLIS,350100,GVE 24 RIBEIRAO PRETO,HOSPITAL DE MISERICÓRDIA - ALTINÓPOLIS,"RUA CORONEL JOAQUIM ALBERTO, 421, CENTRO",1,"Botrópico, Crotálico e Escorpiônico.",1,(16) 3665-7200 / 3665-9624,JARARACA; CASCAVEL; ESCORPIÃO.,-2.102.664,-4.737.584,1,1,0,0,0,0,1,0,-21.02664,-47.37584
ALTO ALEGRE,350110,GVE 11 ARACATUBA,HOSPITAL PADRE JOÃO W. BRAEM,"RUA FLORIANO PEIXOTO, 149 - ALTO ALEGRE - SP, 16310-000",0,,1,(18) 3657-1207,,-2.158.108,-5.016.665,0,0,0,0,0,0,0,0,-21.58108,-50.16665
ALUMINIO,350115,GVE 31 SOROCABA,PRONTO ATENDIMENTO MUNICIPAL ALUMINIO,"RUA ALBERTO BERTELLI, 300 - VILA PEDÁGIO, ALUMÍNIO - SP, 18125-000",0,,1,(11) 4715-7166,,-2.351.748,-4.725.398,0,0,0,0,0,0,0,0,-23.51748,-47.25398
ALVARES FLORENCE,350120,GVE 29 SAO JOSE DO RIO PRETO,POSTO DE ATENDIMENTO A SAUDE ORLANDO MARANGAO,"RUA 13 DE MAIO, 196 - BOA VISTA DOS ANDRADAS, ÁLVARES FLORENCE - SP, 15540-000",0,,0,(17) 3486-6102,,-2.020.124,-4.987.437,0,0,0,0,0,0,0,0,-20.20124,-49.87437
ALVARES MACHADO,350130,GVE 21 PRESIDENTE PRUDENTE,SANTA CASA DE ALVARES MACHADO,"R. Monsenhor Nakamura, S/N - CENTRO, Álvares Machado - SP, 19160-000",0,,1,(18) 3273-1605,,-2.207.996,-5.147.549,0,0,0,0,0,0,0,0,-22.07996,-51.47549
ALVARO DE CARVALHO,350140,GVE 19 MARILIA,CS DE ALVARO CARVALHO,"RUA JOAQUIM BRONZE MENDES, 55 - ÁLVARO DE CARVALHO - SP, 17410-027",0,,0,(14) 3484-1147,,-2.207.950,-4.972.169,0,0,0,0,0,0,0,0,-22.0795,-49.72169
ALVINLANDIA,350150,GVE 19 MARILIA,CS ALVINLANDIA,"RUA AMADEU CRIPPA - JARDIM SÃO RAFAEL, ALVINLÂNDIA - SP, 17430-000",0,,0,-,,-2.243.811,-4.976.799,0,0,0,0,0,0,0,0,-22.43811,-49.76799
AMERICANA,350160,GVE 17 CAMPINAS,HOSPITAL MUNICIPAL WALDEMAR TEBALDI,"AV. DA SAÚDE, 415, JD. N. SRA. FÁTIMA",1,"Escorpiônico e Loxoscélico, Fonêutrico.",1,(19) 3471-6750,ARANHA MARROM; ARANHA ARMADEIRA; ESCORPIÃO.,-2.274.206,-4.730.875,0,0,0,0,1,1,1,0,-22.74206,-47.30875
AMERICO BRASILIENSE,350170,GVE 12 ARARAQUARA,HOSPITAL ESTADUAL AMERICO BRASILIENSE,"Alameda Aldo Lupo, 1260 - Vila Cerqueira, Américo Brasiliense - SP, 14820-450",0,,1,(16) 3393-7800,,-2.174.103,-4.812.190,0,0,0,0,0,0,0,0,-21.74103,-48.1219
AMERICO DE CAMPOS,350180,GVE 29 SAO JOSE DO RIO PRETO,CS DE AMERICO DE CAMPOS,"RUA SÃO JOÃO, 617 - AMÉRICO DE CAMPOS - SP, 15550-000",0,,1,(17) 3445-1206,,-2.029.778,-4.973.363,0,0,0,0,0,0,0,0,-20.29778,-49.73363
AMPARO,350190,GVE 17 CAMPINAS,SANTA CASA ANNA CINTRA - AMPARO,"RUA ANNA CINTRA, 332",1,"Botrópico, Crotálico, Escorpiônico e Loxoscélico, Fonêutrico.",1,(19) 3807-4477,JARARACA; CASCAVEL; ARANHA MARROM; ARANHA ARMADEIRA; ESCORPIÃO.,-2.269.689,-4.676.837,1,1,0,0,1,1,1,0,-22.69689,-46.76837
ANALANDIA,350200,GVE 20 PIRACICABA,CENTRO DE SAUDE DE ANALANDIA,"AVENIDA 12, 235 - ANALÂNDIA - SP, 13550-000",0,,1,(19) 3566-9100,,-2.212.265,-4.766.518,0,0,0,0,0,0,0,0,-22.12265,-47.66518
ANDRADINA,350210,GVE 11 ARACATUBA,SANTA CASA DE ANDRADINA,"AV. GUANABARA, 730",1,"Botrópico, Crotálico, Loxoscélico, Fonêutrico e Escorpiônico",1,(18) 3702-1100,JARARACA; CASCAVEL; ARANHA MARROM; ARANHA ARMADEIRA; ESCORPIÃO.,-2.089.389,-5.137.442,1,1,0,0,1,1,1,0,-20.89389,-51.37442
ANGATUBA,350220,GVE 31 SOROCABA,SANTA CASA DE ANGATUBA,"PRAÇA LEVI LISBOA, Nº 1202",1,"Botrópico, Crotálico, Escorpiônico e Loxoscélico, Fonêutrico.",1,(15) 3255-1055,JARARACA; CASCAVEL; ESCORPIÃO.,-2.349.262,-4.841.499,1,1,0,0,1,1,1,0,-23.49262,-48.41499
ANHEMBI,350230,GVE 16 BOTUCATU,PRONTO ATENDIMENTO DE ANHEMBI,"RUA PRUDENTE DE MORAES, 337 - CENTRO, ANHEMBI - SP, 18620-000",0,,1,(14) 3884-1133,,-2.278.966,-4.812.610,0,0,0,0,0,0,0,0,-22.78966,-48.1261
ANHUMAS,350240,GVE 21 PRESIDENTE PRUDENTE,UBS MARINA CEOLIN LOPES DE ANHUMAS,"RUA VICENTE LOPES RAMON, 581-681 - CENTRO, ANHUMAS - SP, 19580-000",0,,0,(18) 3286-1221,,-2.229.652,-5.138.647,0,0,0,0,0,0,0,0,-22.29652,-51.38647
APARECIDA,350250,GVE 33 TAUBATE,SANTA CASA DE MISERICORDIA DE APARECIDA,"R. Barão do Rio Branco, 470 - Centro, Aparecida - SP, 12570-000",0,,1,(12) 3104-5555,,-2.284.047,-4.522.699,0,0,0,0,0,0,0,0,-22.84047,-45.22699
APARECIDA DOESTE,350260,GVE 30 JALES,SANTA CASA DE APARECIDA DOESTE,"R. São Paulo, 1235 - Centro, Aparecida d'Oeste - SP, 15735-000",0,,1,(17) 3635-1122,,-2.044.987,-5.087.908,0,0,0,0,0,0,0,0,-20.44987,-50.87908
APIAI,350270,GVE 32 ITAPEVA,HOSPITAL DOUTOR ADEMAR DE BARROS - APIAÍ,"R. PRIMEIRO DE MAIO, 336 - CENTRO",1,"Botrópico, Crotálico, Escorpiônico, Loxoscélico, Fonêutrico e Lonômico.",1,(15) 3552-1266,JARARACA; CASCAVEL; ARANHA MARROM; ARANHA ARMADEIRA; ESCORPIÃO; LONÔMIA.,-2.451.549,-4.884.286,1,1,0,0,1,1,1,1,-24.51549,-48.84286
ARACARIGUAMA,350275,GVE 31 SOROCABA,PRONTO ATENDIMENTO DE ARACARIGUAMA,"AVENIDA DEZENOVE DE MAIO, 02 - CENTRO, ARAÇARIGUAMA - SP, 18147-000",0,,1,(11) 4136-1010,,-2.343.805,-4.706.114,0,0,0,0,0,0,0,0,-23.43805,-47.06114
ARACATUBA,350280,GVE 11 ARACATUBA,SANTA CASA DE MISERICÓRDIA DE ARAÇATUBA,"RUA FLORIANO PEIXOTO, 896 VILA MENDONÇA",1,"Botrópico, Crotálico, Elapídico, Loxoscélico, Fonêutrico, Escorpiônico e Lonômico.",1,(18) 3607-3000,JARARACA; CASCAVEL; CORAL; ARANHA MARROM; ARANHA ARMADEIRA; ESCORPIÃO; LONÔMIA.,-2.120.603,-5.042.993,1,1,1,0,1,1,1,1,-21.20603,-50.42993
ARACOIABA DA SERRA,350290,GVE 31 SOROCABA,UNIDADE DE PRONTO ATENDIMENTO DE ARACOIABA DA SERRA,"RUA DR. AFONSO VERGUEIRO, S/N - CENTRO, ARAÇOIABA DA SERRA - SP, 18190-000",0,,1,(15) 3281-7160,,-2.350.546,-4.761.822,0,0,0,0,0,0,0,0,-23.50546,-47.61822
ARAMINA,350300,GVE 18 FRANCA,UBS CENTRO DE SAÚDE ARAMINA,"RUA HENRIQUE JORGE HAUCH - ARAMINA - SP, 14550-000",0,,1,(16) 3752-7030,,-2.008.538,-4.778.761,0,0,0,0,0,0,0,0,-20.08538,-47.78761
ARANDU,350310,GVE 16 BOTUCATU,HOSPITAL SAO VICENTE DE PAULA DE ARANDU,"R. Dezenove de Março, 731 - Centro, Arandu - SP, 18710-000",0,,1,(14) 3766-1157,,-2.313.250,-4.905.222,0,0,0,0,0,0,0,0,-23.1325,-49.05222
ARAPEI,350315,GVE 33 TAUBATE,UBS DE ARAPEÍ DR HAROLDO VIANA RODRIGUES,"RUA SERGIO ANTÔNIO GOMES VIANA, 130 - ARAPEÍ - SP, 12870-000",0,,1,(12) 3115-1435,,-2.267.203,-4.444.747,0,0,0,0,0,0,0,0,-22.67203,-44.44747
ARARAQUARA,350320,GVE 12 ARARAQUARA,UNIDADE DE RETAGUARDA DO MELHADO,"RUA EITOR BIM, N° 91, VILA SUCONAZA, ARARAQUARA",1,"Botrópico, Crotálico, Elapídico, Loxoscélico, Fonêutrico, Escorpiônico e Lonômico.",1,(16) 3334-6900,JARARACA; CASCAVEL; CORAL; ARANHA MARROM; ARANHA ARMADEIRA; ESCORPIÃO; LONÔMIA.,-2.180.519,-4.817.127,1,1,1,0,1,1,1,1,-21.80519,-48.17127
ARARAS,350330,GVE 20 PIRACICABA,SANTA CASA DE MISERICÓRDIA - ARARAS,"PRAÇA DR. NARCISO GOMES, 49",1,"Botrópico, Crotálico, Loxoscélico, Fonêutrico e Escorpiônico.",1,(19) 3543-5400,JARARACA; CASCAVEL; ARANHA MARROM; ARANHA ARMADEIRA; ESCORPIÃO.,-2.235.774,-4.738.001,1,1,0,0,1,1,1,0,-22.35774,-47.38001
ARCO IRIS,350335,GVE 19 MARILIA,UBS ANTÔNIO CURADOR,"RUA FRANCISCO MORALES ESCUBERO - ARCO-ÍRIS - SP, 17630-000",0,,0,(14) 3477-1212,,-2.177.296,-5.046.767,0,0,0,0,0,0,0,0,-21.77296,-50.46767
AREALVA,350340,GVE 15 BAURU,SANTA CASA DE MISERICORDIA DE AREALVA,"R. Jacinto Ribeiro de Barros, 342 - Centro, Arealva - SP, 17160-000",0,,1,(14) 3296-1222,,-2.202.968,-4.890.801,0,0,0,0,0,0,0,0,-22.02968,-48.90801
AREIAS,350350,GVE 33 TAUBATE,PRONTO SOCORRO MUNICIPAL AREIAS,"RUA PREFEITO BENEDITO DE OLIVEIRA RAMOS, 32 - AREIAS - SP, 12820-000",0,,1,(12) 3107-1157,,-2.258.148,-4.469.373,0,0,0,0,0,0,0,0,-22.58148,-44.69373
AREIOPOLIS,350360,GVE 16 BOTUCATU,UNIDADE MISTA DE SAUDE DE AREIOPOLIS,"RUA VEREADOR IGNÁCIO LEITE, 800 - NÚCLEO HABITACIONAL COMENDADOR JOSÉ ZILLO, AREIÓPOLIS - SP, 18670-000",0,,1,(14) 3846-9808,,-2.267.714,-4.866.652,0,0,0,0,0,0,0,0,-22.67714,-48.66652
ARIRANHA,350370,GVE 29 SAO JOSE DO RIO PRETO,HOSPITAL JULIA RUETE ARIRANHA,"RUA SIQUEIRA CAMPOS, 29 - CENTRO, ARIRANHA - SP, 15960-000",0,,1,(17) 3576-1305,,-2.118.885,-4.878.488,0,0,0,0,0,0,0,0,-21.18885,-48.78488
ARTUR NOGUEIRA,350380,GVE 17 CAMPINAS,HOSPITAL E MATERNIDADE DE ARTUR NOGUEIRA,"Av. Dr. Fernando Arens, 939 - Santo Amaro, Artur Nogueira - SP, 13160-000",0,,1,(19) 3827-7000,,-2.257.685,-4.717.739,0,0,0,0,0,0,0,0,-22.57685,-47.17739
ARUJA,350390,GVE 8 MOGI DAS CRUZES,HOSPITAL DALILA FERREIRA BARBOSA,"R. Maria de Lourdes Maxim, 75 - Jardim Renata, Arujá - SP, 07402-015",0,,1,(11) 4652-3000,,-2.339.263,-4.631.464,0,0,0,0,0,0,0,0,-23.39263,-46.31464
ASPASIA,350395,GVE 30 JALES,UBS DE ASPASIA,"AVENIDA BRASIL, 476 - CENTRO, ASPÁSIA - SP, 15763-000",0,,0,(17) 3664-8787,,-2.016.203,-5.072.577,0,0,0,0,0,0,0,0,-20.16203,-50.72577
ASSIS,350400,GVE 13 ASSIS,UPA DE ASSIS,"RUA OSMAR LUCHINI, 670",1,"Botrópico, Crotálico, Elapídico, Escorpiônico, Loxoscélico, Fonêutrico e Lonômico.",1,(18) 3222-3553 / 3302-6069,JARARACA; CASCAVEL; CORAL; ARANHA MARROM; ARANHA ARMADEIRA; ESCORPIÃO; LONÔMIA.,-2.264.640,-5.040.315,1,1,1,0,1,1,1,1,-22.6464,-50.40315
ATIBAIA,350410,GVE 17 CAMPINAS,SANTA CASA DE ATIBAIA,"PRAÇA DR. MIGUEL VAIRO, 104",1,"Botrópico, Crotálico, Loxoscélico, Fonêutrico e Escorpiônico.",1,(11) 4411-0062,JARARACA; CASCAVEL; ARANHA MARROM; ARANHA ARMADEIRA; ESCORPIÃO.,-2.311.461,-4.655.001,1,1,0,0,1,1,1,0,-23.11461,-46.55001
AURIFLAMA,350420,GVE 11 ARACATUBA,SANTA CASA DE AURIFLAMA,"RUA ALFREDO DAINESI, 59-52",1,"Botrópico, Crotálico, Loxoscélico, Fonêutrico e Escorpiônico.",1,(17) 842-1282,JARARACA; CASCAVEL; ARANHA MARROM; ARANHA ARMADEIRA; ESCORPIÃO.,-2.068.516,-5.055.503,1,1,0,0,1,1,1,0,-20.68516,-50.55503
AVAI,350430,GVE 15 BAURU,CENTRO DE SAUDE DE AVAI,"PRAÇA MAJOR GASPARINO QUADROS, 460 - AVAÍ - SP, 16680-000",0,,1,(14) 3287-1465,,-2.215.668,-4.933.101,0,0,0,0,0,0,0,0,-22.15668,-49.33101
AVANHANDAVA,350440,GVE 11 ARACATUBA,UNIDADE MISTA DE AVANHANDAVA,"RUA AVANHANDAVA, 269 - AVANHANDAVA - SP, 16360-000",0,,1,-,,-2.145.821,-4.994.994,0,0,0,0,0,0,0,0,-21.45821,-49.94994
AVARE,350450,GVE 16 BOTUCATU,SANTA CASA DE MISERICÓRDIA DE AVARÉ,"R. PARAÍBA, Nº 1003 - CENTRO",1,"Botrópico, Crotálico, Loxoscélico, Fonêutrico e Escorpiônico.",1,(14) 3711-9100,JARARACA; CASCAVEL; ARANHA MARROM; ARANHA ARMADEIRA; ESCORPIÃO.,-2.310.116,-4.892.851,1,1,0,0,1,1,1,0,-23.10116,-48.92851
BADY BASSITT,350460,GVE 29 SAO JOSE DO RIO PRETO,PRONTO ATENDIMENTO ALCIMINO ASSIS LOURENCO,"RUA CASTRO ALVES, 1462 - BADY BASSITT - SP, 15115-000",0,,1,-,,-2.091.741,-4.944.842,0,0,0,0,0,0,0,0,-20.91741,-49.44842
BALBINOS,350470,GVE 15 BAURU,CENTRO DE SAUDE III DE BALBINOS,"RUA GABRIEL DANUZIO - BALBINOS - SP, 16640-000",0,,0,(14) 3583-1394,,-2.189.998,-4.935.609,0,0,0,0,0,0,0,0,-21.89998,-49.35609
BALSAMO,350480,GVE 29 SAO JOSE DO RIO PRETO,UNIDADE DE URGENCIA E EMERGENCIA DR LUIZ ALBERTO DO AMARAL,"RUA LOURENÇA DIOGO AYALA, 489 - BÁLSAMO - SP, 15140-000",0,,1,(17) 3264-1320,,-2.073.680,-4.958.102,0,0,0,0,0,0,0,0,-20.7368,-49.58102
BANANAL,350490,GVE 33 TAUBATE,UNIDADE MISTA DE SAÚDE MONS CID FRANCA SANTOS,AV. BOM JESUS 134 - CENTRO - CEP 12.850-000,1,"Botrópico, Crotálico, Escorpiônico e Loxoscélico, Fonêutrico.",1,(12) 3116-2188 / (12) 3116-3117,JARARACA; CASCAVEL; ARANHA MARROM; ARANHA ARMADEIRA; ESCORPIÃO.,-2.268.130,-4.431.979,1,1,0,0,1,1,1,0,-22.6813,-44.31979
BARAO DE ANTONINA,350500,GVE 16 BOTUCATU,CENTRO DE SAUDE BARAO DE ANTONINA,"RUA SÃO PAULO - CENTRO, BARÃO DE ANTONINA - SP, 18490-045",0,,0,(15) 3573-1296,,-2.362.927,-4.956.389,0,0,0,0,0,0,0,0,-23.62927,-49.56389
BARBOSA,350510,GVE 11 ARACATUBA,CENTRO DE SAUDE DE BARBOSA,"AVENIDA DONA RICARDINA, 645 - CENTRO, BARBOSA - SP, 16350-000",0,,1,(18) 3655-1408,,-2.126.578,-4.994.868,0,0,0,0,0,0,0,0,-21.26578,-49.94868
BARIRI,350520,GVE 15 BAURU,IRMANDADE DA SANTA CASA DE MISERICORDIA DE BARIRI,"Av. Cel. Antônio José de Carvalho, 409 - Jardim Paraíso, Bariri - SP, 17250-182",1,Escorpiônico,1,(14) 3662-6522,ESCORPIÃO,-2.207.003,-4.873.761,0,0,0,0,0,0,1,0,-22.07003,-48.73761
BARRA BONITA,350530,GVE 15 BAURU,HOSPITAL E MATERNIDADE SAO JOSE BARRA BONITA,"Rua 14 de Dezembro, 490 - Centro, Barra Bonita - SP, 17340-000",1,Escorpiônico,1,(14) 3604-7114,ESCORPIÃO,-2.249.521,-4.855.585,0,0,0,0,0,0,1,0,-22.49521,-48.55585
BARRA DO CHAPEU,350535,GVE 32 ITAPEVA,UNIDADE BÁSICA DE SAÚDE GERALDO VITORINO COELHO,"BECO MARIA ISABEL DA ROSA, 40 - CENTRO, BARRA DO CHAPÉU - SP, 18325-000",0,,1,(15) 9969-48985,,-2.447.076,-4.902.430,0,0,0,0,0,0,0,0,-24.47076,-49.0243
BARRA DO TURVO,350540,GVE 23 REGISTRO,PRONTO ATENDIMENTO - BARRA DO TURVO,"VEREADOR FIRMINO PEDROSO DOS SANTOS, 375 - BAIRRO BOA ESPERANÇA",1,"Botrópico, Crotálico, Escorpiônico e Loxoscélico, Fonêutrico.",1,(15) 3578-9420,JARARACA; CASCAVEL; ARANHA MARROM; ARANHA ARMADEIRA; ESCORPIÃO.,-2.475.101,-4.850.516,1,1,0,0,1,1,1,0,-24.75101,-48.50516
BARRETOS,350550,GVE 14 BARRETOS,SANTA CASA DE MISERICÓRDIA DE BARRETOS,AV 23 Nº 1208,1,"Botrópico, Crotálico, Elapídico, Escorpiônico, Loxoscélico, Fonêutrico e Lonômico.",1,(17) 3321-2500,JARARACA; CASCAVEL; CORAL; ARANHA MARROM; ARANHA ARMADEIRA; ESCORPIÃO; LONÔMIA.,-2.055.923,-4.857.377,1,1,1,0,1,1,1,1,-20.55923,-48.57377
BARRINHA,350560,GVE 24 RIBEIRAO PRETO,UNIDADE MISTA DE SAUDE BARRINHA JOSE ATILIO MARCARI,"AVENIDA JAMIL SAID SALEH, 777 - JARDIM PAULISTA, BARRINHA - SP, 14860-000",0,,1,(16) 3943-9180,,-2.119.417,-4.815.937,0,0,0,0,0,0,0,0,-21.19417,-48.15937
BARUERI,350570,GVE 10 OSASCO,HOSPITAL MUNICIPAL DE BARUERI DR FRANCISCO MORAN,"Rua Ângela Mirella, 354 - Jardim Barueri, Barueri - SP, 06463-320",0,,1,(11) 2575-3200,,-2.349.663,-4.687.233,0,0,0,0,0,0,0,0,-23.49663,-46.87233
BASTOS,350580,GVE 19 MARILIA,HOSPITAL DE BASTOS,"R. Prof. Paulo Seizi Zakimi, 55 - Centro, Bastos - SP, 17690-000",0,,1,(14) 3478-1096,,-2.192.201,-5.072.993,0,0,0,0,0,0,0,0,-21.92201,-50.72993
BATATAIS,350590,GVE 24 RIBEIRAO PRETO,UPA - BATATAIS,"AV. MOACIR DIAS DE MORAIS, 505",1,Escorpiônico,1,(16) 3761-9474 / 3761-9499,ESCORPIÃO.,-2.090.450,-4.758.797,0,0,0,0,0,0,1,0,-20.9045,-47.58797
BAURU,350600,GVE 15 BAURU,UPA BELA VISTA (CRIANÇAS DE 0 A 14 ANOS) - OBS. ACIDENTE POR LONÔMIA ATENDIMENTO ADULTOS E CRIANÇAS,"RUA MARÇAL DE ARRUDA CAMPOS, Nº 4-45",1,"Botrópico, Crotálico, Escorpiônico, Lonômico e Loxoscélico, Fonêutrico.",1,(14) 3102-1213,JARARACA; CASCAVEL; CORAL; ARANHA MARROM; ARANHA ARMADEIRA; LONÔMIA; ESCORPIÃO.,-2.230.854,-4.908.963,1,1,0,0,1,1,1,1,-22.30854,-49.08963
BAURU,350600,GVE 15 BAURU,PRONTO SOCORRO MUNICIPAL CENTRAL (PACIENTES À PARTIR DE 15 ANOS),"RUA RUBENS ARRUDA, QD. 07, S/N",1,"Botrópico, Crotálico, Elapídico, Escorpiônico e Loxoscélico, Fonêutrico.",1,(14) 3104-1160,JARARACA; CASCAVEL; CORAL; ARANHA MARROM; ARANHA ARMADEIRA; ESCORPIÃO.,-2.233.082,-4.907.806,1,1,1,0,1,1,1,0,-22.33082,-49.07806
BEBEDOURO,350610,GVE 14 BARRETOS,UPA DR. MANOEL JOAQUIM DOS REIS,"RUA LUIS BRUNELLI, 00 - JARDIM JÚLIA",1,"Botrópico, Crotálico, Escorpiônico, Loxoscélico, Fonêutrico e Lonômico.",1,(17) 3344-8100,JARARACA; CASCAVEL; ARANHA MARROM; ARANHA ARMADEIRA; ESCORPIÃO; LONÔMIA.,-2.093.465,-4.849.657,1,1,0,0,1,1,1,1,-20.93465,-48.49657
BENTO DE ABREU,350620,GVE 11 ARACATUBA,UBS DR JOSÉ ROSSETO,"RUA DR. JOSÉ ROSSETO, 58 - BENTO DE ABREU - SP, 16790-000",0,,0,(18) 3601-1321,,-2.127.135,-5.081.554,0,0,0,0,0,0,0,0,-21.27135,-50.81554
BERNARDINO DE CAMPOS,350630,GVE 13 ASSIS,SANTA CASA HOSPITAL JESUS MARIA JOSE,"Av. Guilherme Arruda Castanho, 469, Bernardino de Campos - SP, 18960-021",0,,1,(14) 3346-1100,,-2.301.676,-4.947.370,0,0,0,0,0,0,0,0,-23.01676,-49.4737
BERTIOGA,350635,GVE 25 SANTOS,HOSPITAL MUNICIPAL DE BERTIOGA,PÇA. VICENTE MOLINARI S/Nº,1,"Botrópico, Loxoscélico, Fonêutrico e Escorpiônico.",1,(13) 3319-9040,JARARACA; ARANHA MARROM; ARANHA ARMADEIRA; ESCORPIÃO.,-2.384.293,-4.613.968,1,0,0,0,1,1,1,0,-23.84293,-46.13968
BILAC,350640,GVE 11 ARACATUBA,ASSOCIACAO HOSPITALAR BENEFICENTE DO BRASIL,"Rua 7 de Setembro, 529, Bilac - SP, 16210-000",0,,1,(18) 3659-1243,,-2.140.553,-5.047.194,0,0,0,0,0,0,0,0,-21.40553,-50.47194
BIRIGUI,350650,GVE 11 ARACATUBA,PRONTO SOCORRO MUNICIPAL - BIRIGUI,"RUA LUIZ OBA, 249",1,"Botrópico, Crotálico, Loxoscélico, Fonêutrico e Escorpiônico.",1,(18) 3638-8580,JARARACA; CASCAVEL; ARANHA MARROM; ARANHA ARMADEIRA; ESCORPIÃO.,-2.128.133,-5.033.525,1,1,0,0,1,1,1,0,-21.28133,-50.33525
BIRITIBA MIRIM,350660,GVE 8 MOGI DAS CRUZES,PRONTO ATENDIMENTO IRIO TAINO,"AVENIDA MARIA JOSÉ DE SIQUEIRA MELO, 682 - JARDIM PAMELA, BIRITIBA MIRIM - SP, 08940-000",0,,1,-,,-2.358.029,-4.603.992,0,0,0,0,0,0,0,0,-23.58029,-46.03992
BOA ESPERANCA DO SUL,350670,GVE 12 ARARAQUARA,SANTA CASA SAO VICENTE DE PAULO BOA ESPERANCA DO SUL,"R. Duque de Caxias, 379 - Centro, Boa Esperança do Sul - SP, 14930-000",0,,1,(16) 3346-1103,,-2.198.752,-4.838.682,0,0,0,0,0,0,0,0,-21.98752,-48.38682
BOCAINA,350680,GVE 15 BAURU,SANTA CASA DE MISERICORDIA DE BOCAINA,"R. Cerqueira César, 239 - CENTRO, Bocaina - SP, 17240-000",1,Escorpiônico,1,(14) 3666-1190,ESCORPIÃO,-2.213.988,-4.851.748,0,0,0,0,0,0,1,0,-22.13988,-48.51748
BOFETE,350690,GVE 16 BOTUCATU,UBS BRUNO NOVAES III,"AVENIDA ERNESTO EBÚRNEO, 176-188 - BOFETE - SP, 18590-000",0,,0,(14) 3883-1514,,-2.310.367,-4.826.009,0,0,0,0,0,0,0,0,-23.10367,-48.26009
BOITUVA,350700,GVE 31 SOROCABA,HOSPITAL SAO LUIZ,"Rua Benedita Sanson Labronici, 149 - Chácara Labronci, Boituva - SP, 18550-000",0,,1,(15) 3363-8833,,-2.328.924,-4.768.077,0,0,0,0,0,0,0,0,-23.28924,-47.68077
BOM JESUS DOS PERDOES,350710,GVE 17 CAMPINAS,UBS CENTRO - BOM JESUS DOS PERDOES,"RUA DONÁ BÁRBARA CARDOSO - CENTRO, BOM JESUS DOS PERDÕES - SP, 12955-000",0,,0,(11) 4012-1040,,-2.313.708,-4.646.543,0,0,0,0,0,0,0,0,-23.13708,-46.46543
BOM SUCESSO DE ITARARE,350715,GVE 32 ITAPEVA,UNIDADE MARIO ORLANDO ANTUNES,"RUA ANTÔNIO CARLOS RUIVO, 260 - CENTRO, BOM SUCESSO DE ITARARÉ - SP, 18475-000",0,,0,(15) 3533-1319,,-2.432.064,-4.914.383,0,0,0,0,0,0,0,0,-24.32064,-49.14383
BORA,350720,GVE 13 ASSIS,CENTRO DE SAUDE DE BORA,"RUA JOAO MERCI, 150 - CENTRO, BORA",0,,0,(18)3367-1114,,-2.226.941,-5.054.471,0,0,0,0,0,0,0,0,-22.26941,-50.54471
BORACEIA,350730,GVE 15 BAURU,PRONTO ATENDIMENTO MUNICIPAL DE BORACEIA,"RUA ANTONIO DE FREITAS PEREIRA,300 - CENTRO, BORACEIA",1,Escorpiônico,1,(14)3295-9106,ESCORPIÃO,-2.219.480,-4.877.841,0,0,0,0,0,0,1,0,-22.1948,-48.77841
BORBOREMA,350740,GVE 12 ARARAQUARA,HOSPITAL SAO SEBASTIAO DE BORBOREMA,"R. Pedro José Passos, 400 - JAD PRIMAVERA, Borborema - SP, 14955-000",0,,1,(16) 3266-1011,,-2.161.644,-4.906.881,0,0,0,0,0,0,0,0,-21.61644,-49.06881
BOREBI,350745,GVE 15 BAURU,CENTRO DE SAUDE III BOREBI,"RUA SETE DE SETEMBRO - CENTRO, BOREBI - SP, 18675-007",0,,0,(14) 3267-1121,,-2.257.382,-4.897.387,0,0,0,0,0,0,0,0,-22.57382,-48.97387
BOTUCATU,350750,GVE 16 BOTUCATU,HOSPITAL DAS CLÍNICAS DE BOTUCATU – UNESP,"DISTRITO DE RUBIÃO JUNIOR, S/Nº",1,"Botrópico, Crotálico, Elapídico, Laquético, Escorpiônico, Loxoscélico, Fonêutrico e Lonômico",1,(14) 3811-6129,JARARACA; CASCAVEL; CORAL; LAQUÉTICO; ARANHA MARROM; ARANHA ARMADEIRA; ESCORPIÃO; LONÔMIA.,-2.289.145,-4.849.633,1,1,1,1,1,1,1,1,-22.89145,-48.49633
BRAGANCA PAULISTA,350760,GVE 17 CAMPINAS,HOSPITAL UNIVERSITÁRIO SÃO FRANCISCO,"AV. SÃO FRANCISCO DE ASSIS, 218",1,"Botrópico, Crotálico, Loxoscélico, Fonêutrico e Escorpiônico.",1,(11) 2454-8681,JARARACA; CASCAVEL; ARANHA MARROM; ARANHA ARMADEIRA; ESCORPIÃO.,-2.298.070,-4.653.366,1,1,0,0,1,1,1,0,-22.9807,-46.53366
BRAUNA,350770,GVE 11 ARACATUBA,UBS III DE BRAUNA,"RUA JOSÉ FERNANDES BRAZ, 302 - BRAÚNA - SP, 16290-000",0,,0,(18) 3692-1186,,-2.150.157,-5.031.786,0,0,0,0,0,0,0,0,-21.50157,-50.31786
BREJO ALEGRE,350775,GVE 11 ARACATUBA,UBSF III TANCREDO NEVES BREJO ALEGRE,"RUA DAS PALMEIRAS, 600 - BREJO ALEGRE - SP, 16265-000",0,,0,(18) 3646-1236,,-2.116.655,-5.018.859,0,0,0,0,0,0,0,0,-21.16655,-50.18859
BRODOWSKI,350780,GVE 24 RIBEIRAO PRETO,UNIDADE MISTA HOSPITALAR DR FAUSTINO DE CASTRO,"RUA ELIAS BARQUETE, 2 - JARDIM SÃO MANUEL, BRODOWSKI - SP, 14340-000",0,,1,(16) 3664-9199,,-2.099.990,-4.766.252,0,0,0,0,0,0,0,0,-20.9999,-47.66252
BROTAS,350790,GVE 15 BAURU,HOSPITAL SANTA TEREZINHA - BROTAS,"AV. RUI BARBOSA, 703. CENTRO",1,"Botrópico, Crotálico, Loxoscélico, Fonêutrico e Escorpiônico.",1,(14)3653-9100,JARARACA; CASCAVEL; ARANHA MARROM; ARANHA ARMADEIRA; ESCORPIÃO.,-2.228.634,-4.812.214,1,1,0,0,1,1,1,0,-22.28634,-48.12214
BURI,350800,GVE 32 ITAPEVA,PRONTO ATENDIMENTO MUNICIPAL ÍTALO SANTUCCI,"R. RUI BARBOSA, 158 - CENTRO",1,"Escorpiônico, Loxoscélico, Fonêutrico.",1,(15) 3546-1133,ARANHA MARROM; ARANHA ARMADEIRA; ESCORPIÃO.,-2.379.914,-4.860.069,0,0,0,0,1,1,1,0,-23.79914,-48.60069
BURITAMA,350810,GVE 11 ARACATUBA,SANTA CASA DE MISERICÓRDIA SÃO FRANCISCO - BURITAMA,"RUA GUILHERME GUERBAS, 353",1,"Botrópico, Crotálico, Loxoscélico, Fonêutrico e Escorpiônico.",1,(18) 3691-9535,JARARACA; CASCAVEL; ARANHA MARROM; ARANHA ARMADEIRA; ESCORPIÃO.,-2.106.973,-5.014.990,1,1,0,0,1,1,1,0,-21.06973,-50.1499
BURITIZAL,350820,GVE 18 FRANCA,CS LUIZ FIOD DE BURITIZAL,"RUA EDWARD SARRETA, 500 - BURITIZAL - SP, 14570-000",0,,0,-,,-2.019.457,-4.770.595,0,0,0,0,0,0,0,0,-20.19457,-47.70595
CABRALIA PAULISTA,350830,GVE 15 BAURU,CENTRO DE SAUDE III CABRALIA PAULISTA,"AVENIDA MÁRIO AMARAL GURGEL, 660 - CENTRO, CABRÁLIA PAULISTA - SP, 17480-000",0,,0,(14) 3285-1151,,-2.245.968,-4.933.552,0,0,0,0,0,0,0,0,-22.45968,-49.33552
CABREUVA,350840,GVE 17 CAMPINAS,SANTA CASA DE MISERICORDIA DE CABREUVA,"Praça Comendador Martins, S/N - Centro, Cabreúva - SP, 13315-000",0,,1,(11) 4528-1792,,-2.330.887,-4.713.297,0,0,0,0,0,0,0,0,-23.30887,-47.13297
CACAPAVA,350850,GVE 27 SAO JOSE DOS CAMPOS,FUSAM  - FUNDAÇÃO DE SAÚDE E ASSISTÊNCIA DO MUNICÍPIO DE CAÇAPAVA,"RUA DR. PEREIRA DE MATTOS, 63 - CENTRO",1,"Botrópico, Crotálico, Loxoscélico, Fonêutrico e Escorpiônico.",1,(12) 3654-8800,JARARACA; CASCAVEL; ARANHA MARROM; ARANHA ARMADEIRA; ESCORPIÃO.,-2.310.433,-4.570.466,1,1,0,0,1,1,1,0,-23.10433,-45.70466
CACHOEIRA PAULISTA,350860,GVE 33 TAUBATE,SANTA CASA DE MISERICORDIA SAO JOSE,"R. Sete de Setembro, 122, Cachoeira Paulista - SP, 12630-000",0,,1,(12) 3103-3444,,-2.266.597,-4.500.655,0,0,0,0,0,0,0,0,-22.66597,-45.00655
CACONDE,350870,GVE 26 SAO JOAO DA BOA VISTA,SANTA CASA DE MISERICÓRDIA - CACONDE,"R. PADRE DE ANGELIS, 39",1,"Botrópico, Crotálico, Elapídico, Escorpiônico, Loxoscélico, Fonêutrico e Lonômico.",1,(19) 3662-1711,JARARACA; CASCAVEL; CORAL; ARANHA MARROM; ARANHA ARMADEIRA; ESCORPIÃO; LONÔMIA.,-2.153.265,-4.664.456,1,1,1,0,1,1,1,1,-21.53265,-46.64456
CAFELANDIA,350880,GVE 15 BAURU,IRMANDADE DA SANTA CASA DE MISERICORDIA DE CAFELANDIA,"R. Justino Franco Júnior, 181 - Cafelândia, SP, 16500-000",0,,1,(14) 3554-1222,,-2.181.200,-4.959.686,0,0,0,0,0,0,0,0,-21.812,-49.59686
CAIABU,350890,GVE 21 PRESIDENTE PRUDENTE,UNIDADE BASICA DE SAUDE II CAIABU,"RUA MARIA CLÁUDIA PEDREIRA - CAIABU - SP, 19530-000",0,,0,(18) 3285-7004,,-2.201.230,-5.123.572,0,0,0,0,0,0,0,0,-22.0123,-51.23572
CAIEIRAS,350900,GVE 9 FRANCO DA ROCHA,HOSPITAL ESTADUAL DE CAIEIRAS,"R. Flávio Augusto de Moraes, 100 - Centro, Caieiras - SP, 07700-600",0,,1,(11) 4445-9000,,-2.336.670,-4.675.046,0,0,0,0,0,0,0,0,-23.3667,-46.75046
CAIUA,350910,GVE 22 PRESIDENTE VENCESLAU,CENTRO DE SAUDE III DE CAIUA,"RUA GUARANI, 260 - CAIUÁ - SP, 19450-000",0,,0,(18) 3278-1105,,-2.183.327,-5.198.796,0,0,0,0,0,0,0,0,-21.83327,-51.98796
CAJAMAR,350920,GVE 9 FRANCO DA ROCHA,HOSPITAL ENFERMEIRO ANTONIO POLICARPO DE OLIVEIRA,"Av. Bento da Silva Bueno, 202 - Jardim Nova Cajamar, Cajamar - SP, 07793-665",0,,1,(11) 3135-5521,,-2.341.171,-4.682.509,0,0,0,0,0,0,0,0,-23.41171,-46.82509
CAJATI,350925,GVE 23 REGISTRO,PRONTO ATENDIMENTO REYNALDO GUERRA,"RUA ANTÔNIO DOMINGOS BRECHÓ, 116 - CENTRO",1,"Botrópico, Escorpiônico e Loxoscélico, Fonêutrico.",1,(13) 3854-8500,JARARACA; ARANHA MARROM; ARANHA ARMADEIRA; ESCORPIÃO.,-2.472.239,-4.811.064,1,0,0,0,1,1,1,0,-24.72239,-48.11064
CAJOBI,350930,GVE 14 BARRETOS,HOSPITAL JOAO DEPIERI DE CAJOBI,"R. Adélio Rosa, 375 - Cajobi, SP, 15410-000",0,,1,(17) 3563-9999,,-2.087.402,-4.880.936,0,0,0,0,0,0,0,0,-20.87402,-48.80936
CAJURU,350940,GVE 24 RIBEIRAO PRETO,CS II DR. HOFEZ ZACHARIAS BEHY - CAJURU,RUA CAPITÃO JOSÉ FERREIRA DINIZ,1,"Botrópico, Crotálico e Escorpiônico.",1,(16) 3667-9947 / 99208-5450,JARARACA; CASCAVEL; ESCORPIÃO.,-2.127.420,-4.730.534,1,1,0,0,0,0,1,0,-21.2742,-47.30534
CAMPINA DO MONTE ALEGRE,350945,GVE 31 SOROCABA,CS III CAMPINA DO MONTE ALEGRE CAMPINA DO MONTE ALEGRE,"RUA LAURINDA PÍA GOMES, 521 - VILA GOMES, CAMPINA DO MONTE ALEGRE - SP, 18245-000",0,,1,(15) 3256-1338,,-2.359.552,-4.848.011,0,0,0,0,0,0,0,0,-23.59552,-48.48011
CAMPINAS,350950,GVE 17 CAMPINAS,COMPLEXO HOSPITALAR. PREF. EDIVALDO ORSI,"AV. RUY RODRIGUES, 3434 – CH. SÃO JOSÉ",1,Escorpiônico,1,(19) 3772-8347 / 3772-8373,ESCORPIÃO.,-2.296.318,-4.713.471,0,0,0,0,0,0,1,0,-22.96318,-47.13471
CAMPINAS,350950,GVE 17 CAMPINAS,HOSPITAL DAS CLÍNICAS DA UNICAMP – CCI,BARÃO GERALDO - CAMPINAS,1,"Botrópico, Crotálico,Elapídico, Escorpiônico, Loxoscélico, Fonêutrico e Lonômico.",1,(19) 3521-6700 / 7555,JARARACA; CASCAVEL; CORAL; ARANHA MARROM; ARANHA ARMADEIRA; ESCORPIÃO; LONÔMIA.,-2.282.692,-4.706.402,1,1,1,0,1,1,1,1,-22.82692,-47.06402
CAMPO LIMPO PAULISTA,350960,GVE 17 CAMPINAS,HOSPITAL DE CLINICAS CAMPO LIMPO PAULISTA,"Avenida Alfried Krupp, 1200 - Jardim Europa, Campo Limpo Paulista - SP, 13232-020",0,,1,(11) 4039-1021,,-2.320.909,-4.677.253,0,0,0,0,0,0,0,0,-23.20909,-46.77253
CAMPOS DO JORDAO,350970,GVE 33 TAUBATE,PRONTO ATENDIMENTO MUNICIPAL - CAMPOS DO JORDÃO,"RUA HARRY MAURITZ LENIN, S/N - BAIRRO STA. CRUZ - CEP 12.460-000",1,"Botrópico, Escorpiônico e Loxoscélico, Fonêutrico.",1,(12) 3664-4424 / (12) 3664-5292,JARARACA; CASCAVEL; ARANHA MARROM; ARANHA ARMADEIRA; ESCORPIÃO.,-2.274.375,-4.562.509,1,0,0,0,1,1,1,0,-22.74375,-45.62509
CAMPOS NOVOS PAULISTAS,350980,GVE 19 MARILIA,CENTRO DE SAUDE TEREZINHA MARTINELLI,"RUA MARECHAL DEODORO DA FONSECA - CENTRO, CAMPOS NOVOS PAULISTA - SP, 19960-632",0,,1,(14) 3476-1107,,-2.260.153,-5.000.317,0,0,0,0,0,0,0,0,-22.60153,-50.00317
CANANEIA,350990,GVE 23 REGISTRO,UNIDADE MISTA - CANANEIA,"RUA LUIZ WILSON BARBOSA, 100 - RETIRO DAS CARAVELAS",1,"Botrópico, Escorpiônico e Loxoscélico, Fonêutrico.",1,(13) 3851-1419,JARARACA; ARANHA MARROM; ARANHA ARMADEIRA; ESCORPIÃO.,-2.501.186,-4.792.761,1,0,0,0,1,1,1,0,-25.01186,-47.92761
CANAS,350995,GVE 33 TAUBATE,UBS CANAS,"AVENIDA 22 DE MARÇO, 369 - CANAS - SP, 12615-000",0,,0,-,,-2.270.652,-4.505.695,0,0,0,0,0,0,0,0,-22.70652,-45.05695
CANDIDO MOTA,351000,GVE 13 ASSIS,SANTA CASA DE MISERICORDIA DE CANDIDO MOTA,"Rua Alberto Scudeller, 12 Parque Pref. Lorival José de Almeida, Cândido Mota - SP, 19880-000",0,,1,(18) 3341-9308,,-2.274.281,-5.038.396,0,0,0,0,0,0,0,0,-22.74281,-50.38396
CANDIDO RODRIGUES,351010,GVE 12 ARARAQUARA,CENTRO DE SAUDE III CANDIDO RODRIGUES,"RUA BRASÍLIA, 250 - CÂNDIDO RODRIGUES - SP, 15930-000",0,,1,(16) 3257-1151,,-2.132.329,-4.863.363,0,0,0,0,0,0,0,0,-21.32329,-48.63363
CANITAR,351015,GVE 13 ASSIS,CENTRO DE SAUDE DE CANITAR,"RUA VIRGÍLIO FURLANETO, 439 - CANITAR - SP, 18990-000",0,,0,(14) 3343-1282,,-2.300.594,-4.978.402,0,0,0,0,0,0,0,0,-23.00594,-49.78402
CAPAO BONITO,351020,GVE 31 SOROCABA,SANTA CASA DE MISERICÓRDIA - CAPÃO BONITO,"RUA DONA ALTA DE CAMARGO LÍRIO , Nº51",1,"Botrópico, Crotálico, Escorpiônico e Loxoscélico, Fonêutrico.",1,(15) 3542-1532 / 3543-9600,JARARACA; CASCAVEL; ARANHA MARROM; ARANHA ARMADEIRA; ESCORPIÃO.,-2.400.744,-4.834.693,1,1,0,0,1,1,1,0,-24.00744,-48.34693
CAPELA DO ALTO,351030,GVE 31 SOROCABA,PRONTO ATENDIMENTO MUNICIPAL - CAPELA DO ALTO,"RUA SÃO FRANCISCO, 534 - PORTAL SÃO FRANCISCO II, CAPELA DO ALTO - SP, 18195-000",0,,1,(15)3267-1562,,-2.346.757,-4.773.174,0,0,0,0,0,0,0,0,-23.46757,-47.73174
CAPIVARI,351040,GVE 20 PIRACICABA,SANTA CASA DE MISERICÓRDIA - CAPIVARI,"PRAÇA DR. MÁRIO DIAS DE AGUIAR, 1, CENTRO",1,Botrópico e Escorpiônico.,1,(19) 3491-9191,JARARACA; CASCAVEL; ESCORPIÃO.,-2.299.874,-4.749.286,1,0,0,0,0,0,1,0,-22.99874,-47.49286
CARAGUATATUBA,351050,GVE 28 CARAGUATATUBA,UPA DE CARAGUATATUBA,"AV. MARANHÃO, 451, JD. PRIMAVERA",1,"Botrópico, Crotálico, Elapídico, Escorpiônico, Loxoscélico, Fonêutrico e Lonômico.",1,(12) 3897-2100,JARARACA; CASCAVEL; CORAL; ARANHA MARROM; ARANHA ARMADEIRA; ESCORPIÃO; LONÔMIA.,-2.362.694,-4.541.812,1,1,1,0,1,1,1,1,-23.62694,-45.41812
CARAPICUIBA,351060,GVE 10 OSASCO,HOSPITAL GERAL DE CARAPICUIBA,"R. da Pedreira, 95 - Parque Jose Alexandre, Carapicuíba - SP, 06321-665",0,,1,(11) 4185-7600,,-2.353.405,-4.683.042,0,0,0,0,0,0,0,0,-23.53405,-46.83042
CARDOSO,351070,GVE 29 SAO JOSE DO RIO PRETO,IRMANDADE DA STA CASA LEONOR MENDES DE BARROS DE CARDOSO,"R. Emílio Fernandes Bilar, 1650 - Cardoso, SP, 15570-000",0,,1,(17) 3453-1059,,-2.008.047,-4.991.866,0,0,0,0,0,0,0,0,-20.08047,-49.91866
CASA BRANCA,351080,GVE 26 SAO JOAO DA BOA VISTA,SANTA CASA DE MISERICORDIA DE CASA BRANCA,"Praça Dr. Carvalho, 204 - Centro, Casa Branca - SP, 13700-000",0,,1,(19) 3671-9100,,-2.177.607,-4.708.552,0,0,0,0,0,0,0,0,-21.77607,-47.08552
CASSIA DOS COQUEIROS,351090,GVE 24 RIBEIRAO PRETO,CENTRO DE SAÚDE III PEDREIRA DE FREITAS,"AVENIDA DAS HORTÊNCIAS, 82-176 - CÁSSIA DOS COQUEIROS - SP, 14260-000",0,,1,(16) 3669-1147,,-2.128.354,-4.717.241,0,0,0,0,0,0,0,0,-21.28354,-47.17241
CASTILHO,351100,GVE 11 ARACATUBA,HOSPITAL SOCIEDADE BENEFICENTE - CASTILHO,"RUA NAGIB MUHANA ZAHR, 457",1,"Botrópico, Crotálico, Loxoscélico, Fonêutrico e Escorpiônico.",1,(18) 3741-1580,JARARACA; CASCAVEL; ARANHA MARROM; ARANHA ARMADEIRA; ESCORPIÃO.,-2.087.227,-5.148.710,1,1,0,0,1,1,1,0,-20.87227,-51.4871
CATANDUVA,351110,GVE 29 SAO JOSE DO RIO PRETO,HOSP. PADRE ALBINO,RUA BELÉM 519 CENTRO,1,"Botrópico, Crotálico, Loxoscélico, Fonêutrico e Escorpiônico.",1,(17) 3311-3023 E (17) 3311-3000,JARARACA; CASCAVEL; ARANHA MARROM; ARANHA ARMADEIRA; ESCORPIÃO.,-2.114.101,-4.897.585,1,1,0,0,1,1,1,0,-21.14101,-48.97585
CATIGUA,351120,GVE 29 SAO JOSE DO RIO PRETO,UNIDADE BASICA DE SAUDE HELIO REIS RAMIRES,"AVN HOMERO ARAUJO, 196 - CENTRO, CATIGUA",0,,1,(17) 3564-1075,,-2.105.042,-4.905.807,0,0,0,0,0,0,0,0,-21.05042,-49.05807
CEDRAL,351130,GVE 29 SAO JOSE DO RIO PRETO,UBSF DR BENITO MALZONE,"AVENIDA CEL. SILVÉRIO DA CUNHA LACERDA, 200-274 - CEDRAL - SP, 15895-000",0,,1,(17) 3266-9606,,-2.090.097,-4.927.055,0,0,0,0,0,0,0,0,-20.90097,-49.27055
CERQUEIRA CESAR,351140,GVE 16 BOTUCATU,SANTA CASA DE MISERICORDIA DE CERQUEIRA CESAR,"R. Maj. Artur Esteves, 700 - Vila Angelica, Cerqueira César - SP, 18760-000",0,,1,(14) 3714-1711,,-2.303.934,-4.916.176,0,0,0,0,0,0,0,0,-23.03934,-49.16176
CERQUILHO,351150,GVE 31 SOROCABA,SANTA CASA DE MISERICORDIA DE CERQUILHO,"R. Paulo Setúbal, 200 - Centro, Cerquilho - SP, 18520-000",0,,1,(15) 3384-8444,,-2.317.153,-4.774.381,0,0,0,0,0,0,0,0,-23.17153,-47.74381
CESARIO LANGE,351160,GVE 31 SOROCABA,BENEFICENCIA HOSPITALAR DE CESARIO LANGE,"Av. São Paulo, 340 - Distrito Industrial Urbano, Cesário Lange - SP, 18285-000",0,,1,(15) 3246-1628,,-2.321.995,-4.794.564,0,0,0,0,0,0,0,0,-23.21995,-47.94564
CHARQUEADA,351170,GVE 20 PIRACICABA,HOSPITAL E MATERNIDADE BENEFIENTE DE CHARQUEADA,"R. Osvaldo Cruz, 70 - São Benedito, Charqueada - SP, 13515-000",0,,1,(19) 3486-1296,,-2.250.244,-4.778.045,0,0,0,0,0,0,0,0,-22.50244,-47.78045
CHAVANTES,355720,GVE 13 ASSIS,SANTA CASA DE MISERICORDIA DE CHAVANTES,"R. Maria Ferreira, 22 - Centro, Chavantes - SP, 18970-000",0,,1,(14) 3342-1866,,-2.303.550,-4.971.116,0,0,0,0,0,0,0,0,-23.0355,-49.71116
CLEMENTINA,351190,GVE 11 ARACATUBA,ASSOCIAÇÃO HOSPITALAR DE CLEMENTINA (24 HS),"RUA FRANCISCO VASQUEZ, Nº 01 - CENTRO",1,"Botrópico, Crotálico, Loxoscélico, Fonêutrico e Escorpiônico.",1,(18) 3658-1172,JARARACA; CASCAVEL; ARANHA MARROM; ARANHA ARMADEIRA; ESCORPIÃO.,-2.155.683,-5.044.739,1,1,0,0,1,1,1,0,-21.55683,-50.44739
COLINA,351200,GVE 14 BARRETOS,PRONTO ATENDIMENTO MUNICIPAL - COLINA,PRAÇA LAMOUNIER DE ANDRADE S/N,1,"Botrópico, Crotálico, Loxoscélico, Fonêutrico e Escorpiônico.",1,(17) 3341-4353,JARARACA; CASCAVEL; ARANHA MARROM; ARANHA ARMADEIRA; ESCORPIÃO.,-2.070.959,-4.853.182,1,1,0,0,1,1,1,0,-20.70959,-48.53182
COLOMBIA,351210,GVE 14 BARRETOS,HOSPITAL MUNICIPAL JÚLIO R DE PAULA,RUA ANTONIO PRADO Nº 807,1,"Botrópico, Crotálico, Loxoscélico, Fonêutrico e Escorpiônico.",1,(17) 3335-1116 / 3335-8787,JARARACA; CASCAVEL; ARANHA MARROM; ARANHA ARMADEIRA; ESCORPIÃO.,-2.017.449,-4.868.897,1,1,0,0,1,1,1,0,-20.17449,-48.68897
CONCHAL,351220,GVE 20 PIRACICABA,HOSPITAL E MATERNIDADE MADRE VANNINI,"R. das Angélicas, 730 - Centro, Conchal - SP, 13835-000",0,,1,(19) 3866-8585,,-2.233.806,-4.717.394,0,0,0,0,0,0,0,0,-22.33806,-47.17394
CONCHAS,351230,GVE 16 BOTUCATU,HOSPITAL MUNICIPAL DE CONCHAS,"R. ALEXANDRE JOSÉ, 87, CENTRO",1,Escorpiônico,1,(14) 3845-8400,ESCORPIÃO.,-2.301.817,-4.801.143,0,0,0,0,0,0,1,0,-23.01817,-48.01143
CORDEIROPOLIS,351240,GVE 20 PIRACICABA,UNIDADE DE PRONTO ATENDIMENTO MUNICIPAL DR LUIZ CARDINALLI,"AVENIDA PRESIDENTE VARGAS, 314 - CENTRO, CORDEIRÓPOLIS - SP, 13490-000",0,,1,(19) 3546-9599,,-2.248.020,-4.745.840,0,0,0,0,0,0,0,0,-22.4802,-47.4584
COROADOS,351250,GVE 11 ARACATUBA,UBSF COROADOS,"RUA CARLOS DE CAMPOS, 55 - COROADOS - SP, 16260-000",0,,0,(18) 3645-1233,,-2.135.558,-5.028.554,0,0,0,0,0,0,0,0,-21.35558,-50.28554
CORONEL MACEDO,351260,GVE 16 BOTUCATU,UNIDADE MISTA DE SAUDE DE CORONEL MACEDO,"AVENIDA PRESIDENTE CASTELO BRANCO, 240- CENTRO, COROBEL MACEDO",0,,0,(14) 3767-7101,,-2.363.313,-4.931.870,0,0,0,0,0,0,0,0,-23.63313,-49.3187
CORUMBATAI,351270,GVE 20 PIRACICABA,CENTRO SAUDE II ANTENOR CHIOSSI CORUMBATAI,"AVENIDA TRES, 321 - CENTRO, CORUMBATAI",0,,0,(19) 3577-1376,,-2.222.225,-4.762.622,0,0,0,0,0,0,0,0,-22.22225,-47.62622
COSMOPOLIS,351280,GVE 17 CAMPINAS,SANTA CASA DE MISERICORDIA REGIONAL - COSMOPOLIS,"Rua Francisco de Mário, 777 - Centro, Cosmópolis - SP, 13150-192",0,,1,(19) 3812-8300,,-2.264.936,-4.719.670,0,0,0,0,0,0,0,0,-22.64936,-47.1967
COSMORAMA,351290,GVE 29 SAO JOSE DO RIO PRETO,CS DE COSMORAMA,"PRAÇA ANTÔNIO CANDIDO BORGES, 733 - COSMORAMA - SP, 15530-000",0,,1,(17) 3836-9210,,-2.047.839,-4.977.609,0,0,0,0,0,0,0,0,-20.47839,-49.77609
COTIA,351300,GVE 10 OSASCO,HOSPITAL REGIONAL DE COTIA,"AV. ODAIR PACHECO PEDROSO, Nº 171",1,"Botrópico, Crotálico, Elapídico, Loxoscélico, Fonêutrico, Escorpiônico e Lonômico.",1,(11) 4148-2222 / 4148-4527,JARARACA; CASCAVEL; CORAL; ARANHA MARROM; ARANHA ARMADEIRA; ESCORPIÃO; LONÔMIA.,-2.360.914,-4.692.038,1,1,1,0,1,1,1,1,-23.60914,-46.92038
CRAVINHOS,351310,GVE 24 RIBEIRAO PRETO,PRONTO SOCORRO MUNICIPAL DE CRAVINHOS,"AV. DONA RITA CANDIDA NOGUEIRA, 48, CENTRO",1,Escorpiônico,1,(16) 3951-9020,ESCORPIÃO.,-2.133.671,-4.773.225,0,0,0,0,0,0,1,0,-21.33671,-47.73225
CRISTAIS PAULISTA,351320,GVE 18 FRANCA,CS II - CRISTAIS PAULISTA,"AVENIDA MIGUEL SÁBIO DE MELO, 2770",0,,0,(16) 3133-1624,,-2.040.295,-4.741.765,0,0,0,0,0,0,0,0,-20.40295,-47.41765
CRUZALIA,351330,GVE 13 ASSIS,CENTRO DE SAUDE DE CRUZALIA,"RUA JOSÉ SOARES CASSIANO, 820 - CRUZÁLIA - SP, 19860-114",0,,0,(18) 3376-1315,,-2.274.428,-5.078.804,0,0,0,0,0,0,0,0,-22.74428,-50.78804
CRUZEIRO,351340,GVE 33 TAUBATE,SANTA CASA DE MISERICÓRDIA - CRUZEIRO,AV. MAJOR NOVAES 715 - CEP 12.701-330,1,"Botrópico, Crotálico, Escorpiônico e Loxoscélico, Fonêutrico.",1,(12) 3184-7001,JARARACA; CASCAVEL; ARANHA MARROM; ARANHA ARMADEIRA; ESCORPIÃO.,-2.257.529,-4.496.443,1,1,0,0,1,1,1,0,-22.57529,-44.96443
CUBATAO,351350,GVE 25 SANTOS,P.S. CENTRAL GUIOMAR FERREIRA ROEBBELEN - CUBATÃO,AV. 9 DE ABRIL S/Nº,1,"Botrópico, Loxoscélico, Fonêutrico e Escorpiônico.",1,(13) 3361-8786,JARARACA; ARANHA MARROM; ARANHA ARMADEIRA; ESCORPIÃO.,-2.389.053,-4.642.026,1,0,0,0,1,1,1,0,-23.89053,-46.42026
CUNHA,351360,GVE 33 TAUBATE,SANTA CASA MATERNIDADE N.S. CONCEIÇÃO,AV. PADRE RODOLFO 320 ALTO DO CRUZEIRO - CEP 12.530-000,1,"Botrópico, Crotálico, Escorpiônico e Loxoscélico, Fonêutrico.",1,(12) 3111-2926 / (12) 3111-2833,JARARACA; CASCAVEL; ARANHA MARROM; ARANHA ARMADEIRA; ESCORPIÃO.,-2.307.964,-4.496.133,1,1,0,0,1,1,1,0,-23.07964,-44.96133
DESCALVADO,351370,GVE 12 ARARAQUARA,IRMANDADE DA SANTA CASA DE MISERICORDIA DE DESCALVADO,"Pc Dr Otávio Gabrielli, 827 - Centro, Descalvado - SP, 13690-000",0,,1,(19) 3583-1133,,-2.190.682,-4.761.617,0,0,0,0,0,0,0,0,-21.90682,-47.61617
DIADEMA,351380,GVE 7 SANTO ANDRE,HOSPITAL MUNICIPAL DE DIADEMA,"Av. Piraporinha, 1682 - Piraporinha, Diadema - SP, 09951-310",0,,1,(11) 4061-7000,,-2.369.182,-4.658.716,0,0,0,0,0,0,0,0,-23.69182,-46.58716
DIRCE REIS,351385,GVE 30 JALES,UBS VEREADOR ARI FERREIRA DA SILVA,"RUA CATULO DA PAIXÃO CEARENSE - CENTRO, DIRCE REIS - SP, 15715-017",0,,1,(17) 3694-1164,,-2.046.655,-5.060.822,0,0,0,0,0,0,0,0,-20.46655,-50.60822
DIVINOLANDIA,351390,GVE 26 SAO JOAO DA BOA VISTA,HOSPITAL REGIONAL DE DIVINOLANDIA,"R. Leonor Mendes de Barros, 626 - Centro, Divinolândia - SP, 13780-000",0,,1,(19) 3663-8000,,-2.166.816,-4.674.253,0,0,0,0,0,0,0,0,-21.66816,-46.74253
DOBRADA,351400,GVE 12 ARARAQUARA,CENTRO DE SAUDE III DOBRADA,"RUA JOAO BERTONHA, 15- PORTAL DO SOL, DOBRADA",0,,1,(16) 3386-9001,,-2.151.858,-4.839.229,0,0,0,0,0,0,0,0,-21.51858,-48.39229
DOIS CORREGOS,351410,GVE 15 BAURU,IRMANDADE DA SANTA CASA DE MISERICORDIA DE DOIS CORREGOS,"Av. Dr. Joaquim Roberto de Carvalho Pinto, 896 - Centro, Dois Córregos - SP, 17300-000",1,Escorpiônico,1,(14) 3652-9933,ESCORPIÃO,-2.236.220,-4.838.144,0,0,0,0,0,0,1,0,-22.3622,-48.38144
DOLCINOPOLIS,351420,GVE 30 JALES,CS DE DOLCINOPOLIS,"AVENIDA OSVALDO DOLCI, 1206 - DOLCINÓPOLIS - SP, 15740-000",0,,0,(17) 3636-1416,,-2.012.304,-5.051.083,0,0,0,0,0,0,0,0,-20.12304,-50.51083
DOURADO,351430,GVE 12 ARARAQUARA,HOSPITAL E MATERNIDADE PUBLICO DE DOURADO,"R. Barão do Rio Branco, 327 - CENTRO, Dourado - SP, 13590-000",0,,1,(16) 3345-1505,,-2.211.828,-4.831.902,0,0,0,0,0,0,0,0,-22.11828,-48.31902
DRACENA,351440,GVE 22 PRESIDENTE VENCESLAU,SANTA CASA DE MISERICÓRDIA - DRACENA,"RUA VIRGÍLIO PAGNOZZI, 822",1,"Botrópico, Crotálico, Escorpiônico e Loxoscélico, Fonêutrico.",1,(18) 3821-8466,JARARACA; CASCAVEL; ARANHA MARROM; ARANHA ARMADEIRA; ESCORPIÃO.,-2.147.856,-5.153.716,1,1,0,0,1,1,1,0,-21.47856,-51.53716
DUARTINA,351450,GVE 15 BAURU,HOSPITAL SANTA LUZIA DE DUARTINA,"RUA DR. GIL BORGES, Nº 226",1,Escorpiônico,1,(14) 3282-8230,ESCORPIÃO.,-2.241.475,-4.941.622,0,0,0,0,0,0,1,0,-22.41475,-49.41622
DUMONT,351460,GVE 24 RIBEIRAO PRETO,UNIDADE MISTA DE SAUDE DE DUMONT,"RUA SÃO PEDRO, 276 - DUMONT - SP, 14120-000",0,,1,(16) 3944-9200,,-2.124.111,-4.797.953,0,0,0,0,0,0,0,0,-21.24111,-47.97953
ECHAPORA,351470,GVE 19 MARILIA,PRONTO ATENDIMENTO IRMA INES TOTARO,"AVN PARAGUACU, 130 - CENTRA, ECHAPORA",0,,1,(18) 356-1684,,-2.242.633,-5.020.651,0,0,0,0,0,0,0,0,-22.42633,-50.20651
ELDORADO,351480,GVE 23 REGISTRO,PRONTO ATENDIMENTO - ELDORADO,"PRAÇA ENGENHEIRO BAUER, 56 - CENTRO",1,"Botrópico, Escorpiônico e Loxoscélico, Fonêutrico.",1,(13) 3871-1599,JARARACA; ARANHA MARROM; ARANHA ARMADEIRA; ESCORPIÃO.,-2.452.325,-4.810.717,1,0,0,0,1,1,1,0,-24.52325,-48.10717
ELIAS FAUSTO,351490,GVE 20 PIRACICABA,UNIDADE MISTA DE SAÚDE - ELIAS FAUSTO,"RUA SILVIO DA SILVEIRA MORATO - CARDEAL, ELIAS FAUSTO - SP, 13350-000",0,,0,(19) 3821-1534,,-2.304.514,-4.737.558,0,0,0,0,0,0,0,0,-23.04514,-47.37558
ELISIARIO,351492,GVE 29 SAO JOSE DO RIO PRETO,CS DE ELISIARIO,"AVENIDA DILMO RODRIGUES, 30 - ELISIÁRIO - SP, 15823-000",0,,0,(17) 3529-1207,,-2.117.217,-4.910.832,0,0,0,0,0,0,0,0,-21.17217,-49.10832
EMBAUBA,351495,GVE 29 SAO JOSE DO RIO PRETO,UNIDADE BASICA DE SAUDE DE EMBAUBA,"RUA BALBINO RODRIGUES COELHO, 374 - EMBAÚBA - SP, 15425-000",0,,1,(17) 3566-1211,,-2.098.161,-4.883.698,0,0,0,0,0,0,0,0,-20.98161,-48.83698
EMBU DAS ARTES,351500,GVE 10 OSASCO,PRONTO SOCORRO MUNICIPAL - EMBU DAS ARTES,"AV. ELIAS YASBECK, Nº 1415, CENTRO",1,"Botrópico, Crotálico e Escorpiônico.",1,(11) 4785-0151,JARARACA; CASCAVEL; ESCORPIÃO.,-2.364.899,-4.684.747,1,1,0,0,0,0,1,0,-23.64899,-46.84747
EMBU GUACU,351510,GVE 10 OSASCO,UNIDADE MISTA DE SAÚDE - EMBU GUAÇU,"RUA CELESTINO APA, Nº 50",1,"Botrópico, Crotálico e Loxoscélico, Fonêutrico.",1,(11) 4661-1884,JARARACA; CASCAVEL; ARANHA MARROM; ARANHA ARMADEIRA.,-2.383.827,-4.681.134,1,1,0,0,1,1,0,0,-23.83827,-46.81134
EMILIANOPOLIS,351512,GVE 21 PRESIDENTE PRUDENTE,UNIDADE BASICA DE SAUDE DA SAUDE DA FAMILIA DE EMILIANOPOLIS,"RUA JUCÁ DIAS, 127 - CENTRO, EMILIANÓPOLIS - SP, 19350-000",0,,0,(18) 3994-1151,,-2.183.486,-5.148.388,0,0,0,0,0,0,0,0,-21.83486,-51.48388
ENGENHEIRO COELHO,351515,GVE 20 PIRACICABA,UBS DR LUCYEN ALVES DA COSTA ENGENHEIRO COELHO,"RUA DELCY REIS GRELLMANN, S/N- CIDADE UNIVERSITARIA, ENGENHEIRO COELHO",0,,0,(19) 3858-1203,,-2.248.959,-4.716.396,0,0,0,0,0,0,0,0,-22.48959,-47.16396
ESPIRITO SANTO DO PINHAL,351518,GVE 26 SAO JOAO DA BOA VISTA,PRONTO ATENDIMENTO DR. CIRO CORSI,"R. TEIXEIRA RIOS, 210",1,"Botrópico, Crotálico, Elapídico, Escorpiônico, Loxoscélico, Fonêutrico e Lonômico.",1,(19) 3651-7373,JARARACA; CASCAVEL; CORAL; ARANHA MARROM; ARANHA ARMADEIRA; ESCORPIÃO; LONÔMIA.,-2.219.394,-4.674.205,1,1,1,0,1,1,1,1,-22.19394,-46.74205
ESPIRITO SANTO DO TURVO,351519,GVE 13 ASSIS,EQUIPE DE ATENCAO BASICA EAP,"RUA MARIA PERPÉTUA PIEDADE GONÇALVES, 114 - ESPÍRITO SANTO DO TURVO - SP, 18935-021",0,,0,(14) 3375-9501,,-2.269.117,-4.942.949,0,0,0,0,0,0,0,0,-22.69117,-49.42949
ESTIVA GERBI,355730,GVE 26 SAO JOAO DA BOA VISTA,PRONTO SOCORRO - ESTIVA GERBI,"AVENIDA ANGELO ZANCO, 637-741 - ESTIVA GERBI - SP, 13857-000",0,,1,(19) 3868-9399,,-2.227.601,-4.695.176,0,0,0,0,0,0,0,0,-22.27601,-46.95176
ESTRELA DOESTE,351520,GVE 30 JALES,IRMANDADE DA SANTA CASA MISERICORDIA DE ESTRELA D'OESTE,"Av. São Paulo, 1207, Estrela d'Oeste - SP, 15650-000",0,,1,(17) 3833-1450,,-2.028.840,-5.039.697,0,0,0,0,0,0,0,0,-20.2884,-50.39697
ESTRELA DO NORTE,351530,GVE 21 PRESIDENTE PRUDENTE,UNIDADE BASICA DE SAUDE II ESTRELA DO NORTE,"RUA JOÃO MARINHO, 72 - CENTRO, ESTRELA DO NORTE - SP, 19230-000",0,,0,(18) 3999-1222,,-2.248.443,-5.166.107,0,0,0,0,0,0,0,0,-22.48443,-51.66107
EUCLIDES DA CUNHA PAULISTA,351535,GVE 22 PRESIDENTE VENCESLAU,UBS III (PRONTO ATENDIMENTO MUNICIPAL) - EUCLIDES DA CUNHA,"RUA HELENA KILL DINIZ, Nº 1.621 – CENTRO",1,"Botrópico, Crotálico, Escorpiônico e Loxoscélico, Fonêutrico.",1,(18) 3283-1277,JARARACA; CASCAVEL; ARANHA MARROM; ARANHA ARMADEIRA; ESCORPIÃO.,-2.255.586,-5.259.382,1,1,0,0,1,1,1,0,-22.55586,-52.59382
FARTURA,351540,GVE 16 BOTUCATU,SANTA CASA DE MISERICÓRDIA - FARTURA,"PRAÇA DR JOSÉ SEBASTIÃO DE OLIVEIRA, Nº 44",1,"Botrópico, Crotálico, Loxoscélico, Fonêutrico e Escorpiônico.",1,(14) 3382-1100,JARARACA; CASCAVEL; ARANHA MARROM; ARANHA ARMADEIRA; ESCORPIÃO.,-2.339.293,-4.951.197,1,1,0,0,1,1,1,0,-23.39293,-49.51197
FERNANDO PRESTES,351560,GVE 29 SAO JOSE DO RIO PRETO,UNIDADE MISTA DE FERNANDO PRESTES,"RUA CLÉLIA MACHADO DE FREITAS, 320 - FERNANDO PRESTES - SP, 15940-000",0,,1,-,,-2.127.220,-4.868.842,0,0,0,0,0,0,0,0,-21.2722,-48.68842
FERNANDOPOLIS,351550,GVE 30 JALES,SANTA CASA DE MISERICÓRDIA - FERNANDÓPOLIS,AV. AFONSO CÁFARO 2630 JD. SANTISTA,1,"Botrópico, Crotálico, Escorpiônico e Loxoscélico, Fonêutrico.",1,(17) 3465-6122,JARARACA; CASCAVEL; ARANHA MARROM; ARANHA ARMADEIRA; ESCORPIÃO.,-2.029.533,-5.024.704,1,1,0,0,1,1,1,0,-20.29533,-50.24704
FERNAO,351565,GVE 19 MARILIA,UNIDADE DE SAUDE DA FAMILIA DE FERNAO,"RUA JOSÉ BONIFÁCIO, 174 - FERNÃO - SP, 17455-000",0,,0,(14) 3273-7176,,-2.235.871,-4.951.907,0,0,0,0,0,0,0,0,-22.35871,-49.51907
FERRAZ DE VASCONCELOS,351570,GVE 8 MOGI DAS CRUZES,HOSPITAL DR. OSÍRIS FLORINDO COELHO,"R. PRINCESA ISABEL, 270 - VILA CORREA",1,Escorpiônico,1,(11) 4675-3444,ESCORPIÃO.,-2.353.822,-4.635.852,0,0,0,0,0,0,1,0,-23.53822,-46.35852
FLORA RICA,351580,GVE 22 PRESIDENTE VENCESLAU,UBS III DE FLORA RICA,"PREFEITO OCTACIANO PEREIRA DE ANDRADE, 66 - FLORA RICA - SP, 17870-000",0,,0,(18) 3866-1120,,-2.167.683,-5.138.067,0,0,0,0,0,0,0,0,-21.67683,-51.38067
FLOREAL,351590,GVE 29 SAO JOSE DO RIO PRETO,CS DE FLOREAL,"RUA FERRÚCIO ZANOVELO, 436 - FLOREAL - SP, 15320-000",0,,0,(17) 3847-1173,,-2.068.001,-5.014.607,0,0,0,0,0,0,0,0,-20.68001,-50.14607
FLORIDA PAULISTA,351600,GVE 19 MARILIA,SANTA CASA DE MISERICORDIA DE FLORIDA PAULISTA,"Av. XV de Novembro, 900 - Centro, Flórida Paulista - SP, 17830-000",0,,0,(18) 3581-1294,,-2.162.027,-5.117.100,0,0,0,0,0,0,0,0,-21.62027,-51.171
FLORINEA,351610,GVE 13 ASSIS,CENTRO DE SAUDE DE FLORINEA,"AVENIDA ADÃO LEME BATISTA, 728 - FLORÍNEA - SP, 19870-001",0,,1,(18) 3377-0622,,-2.290.436,-5.072.960,0,0,0,0,0,0,0,0,-22.90436,-50.7296
FRANCA,351620,GVE 18 FRANCA,SANTA CASA DE MISERICÓRDIA - FRANCA,"PRAÇA DOM PEDRO II, 1826",1,"Botrópico, Crotálico, Elapídico, Laquético, Escorpiônico, Loxoscélico, Fonêutrico e Lonômico.",0,(16) 3711-4000,JARARACA; CASCAVEL; CORAL; LAQUÉTICO; ARANHA MARROM; ARANHA ARMADEIRA; ESCORPIÃO; LONÔMIA.,-2.053.789,-4.739.884,1,1,1,1,1,1,1,1,-20.53789,-47.39884
FRANCISCO MORATO,351630,GVE 9 FRANCO DA ROCHA,HOSPITAL ESTADUAL “PROFº CARLOS DA SILVA LACAZ” - CRIANÇAS,"RODOVIA MANOEL SILVÉRIO PINTO, 125 – BELÉM ESTAÇÃO - FRANCISCO MORATO",1,"Botrópico, Crotálico, Loxoscélico, Fonêutrico, Escorpiônico e Lonômico.",1,(11) 4489-9444,JARARACA; CASCAVEL; ARANHA MARROM; ARANHA ARMADEIRA; ESCORPIÃO; LONÔMIA.,-2.328.369,-4.674.755,1,1,0,0,1,1,1,1,-23.28369,-46.74755
FRANCO DA ROCHA,351640,GVE 9 FRANCO DA ROCHA,HOSPITAL ESTADUAL DR.ALBANO DA FRANCA ROCHA SOBRINHO - ADULTO,AV.COQUEIROS S/N,1,"Botrópico, Crotálico, Elapídico,  Escorpiônico, Loxoscélico, Fonêutrico e Lonômico.",1,(11) 3336-8200,JARARACA; CASCAVEL; CORAL; ARANHA MARROM; ARANHA ARMADEIRA; ESCORPIÃO; LONÔMIA.,-2.333.924,-4.673.014,1,1,1,0,1,1,1,1,-23.33924,-46.73014
GABRIEL MONTEIRO,351650,GVE 11 ARACATUBA,UBS III DE GABRIEL MONTEIRO,"RUA DOS FUNDADORES, 173 - GABRIEL MONTEIRO - SP, 16220-000",0,,0,(18) 3602-1220,,-2.153.156,-5.055.523,0,0,0,0,0,0,0,0,-21.53156,-50.55523
GALIA,351660,GVE 19 MARILIA,HOSPITAL SAO VICENTE DE GALIA,"R. Décio Silvério, 321 - Centro, Gália - SP, 17450-000",0,,1,(14) 3274-1280,,-2.229.037,-4.955.103,0,0,0,0,0,0,0,0,-22.29037,-49.55103
GARCA,351670,GVE 19 MARILIA,SANTA CASA DE GARCA HOSPITAL SAO LUCAS HSL,"R. Dr. Orlando Thiago dos Santos, 50 - Williams, Garça - SP, 17402-064",0,,1,(14) 3407-5066,,-2.220.732,-4.964.968,0,0,0,0,0,0,0,0,-22.20732,-49.64968
GASTAO VIDIGAL,351680,GVE 29 SAO JOSE DO RIO PRETO,UNIDADE BASICA DE SAUDE DR DELFIM ROSA,"RUA VINTE E UM DE ABRIL, 617 - CENTRO, GASTÃO VIDIGAL - SP, 15330-000",0,,0,(17) 3848-1158,,-2.079.707,-5.018.848,0,0,0,0,0,0,0,0,-20.79707,-50.18848
GAVIAO PEIXOTO,351685,GVE 12 ARARAQUARA,PRONTO SOCORRO MUNICIPAL ESPECIALIZADO AUGUSTO GUBERNATTI,"R. Maracanã, 700, Gavião Peixoto - SP, 14813-000",0,,1,(16) 3338-8755,,-2.183.758,-4.849.248,0,0,0,0,0,0,0,0,-21.83758,-48.49248
GENERAL SALGADO,351690,GVE 29 SAO JOSE DO RIO PRETO,SANTA CASA DE GENERAL SALGADO,"R. NADIR GARCIA, 555 - JARDIM PRIMAVERA, GEN. SALGADO - SP, 15300-000",1,"Botrópico, Crotálico e Escorpiônico",1,(17) 3322-1198,"JARARACA, CASCAVEL E ESCORPIÃO.",-2.064.796,-5.035.801,1,1,0,0,0,0,1,0,-20.64796,-50.35801
GETULINA,351700,GVE 15 BAURU,IRMANDADE DA SANTA CASA DE MISERICORDIA GETULINA,"Rua Natal Biongo Mengato 56 - Residencial dos Oliveiras, Getulina - SP, 16450-000",0,,1,(14) 3552-1616,,-2.180.244,-4.993.155,0,0,0,0,0,0,0,0,-21.80244,-49.93155
GLICERIO,351710,GVE 11 ARACATUBA,CENTRO DE SAUDE III GLICERIO JULIO FUJIHARA,"R. Tiradentes, 161 - Res. Monte Libano, Glicério - SP, 16280-000",0,,0,(18) 3647-1264,,-2.120.369,-5.017.506,0,0,0,0,0,0,0,0,-21.20369,-50.17506
GUAICARA,351720,GVE 15 BAURU,CS III MARTINIANO CRUZ DE GUAICARA,"R. Oswaldo Cruz, 269, Guaiçara - SP, 16430-053",0,,0,(14) 3547-1250,,-2.162.207,-4.979.987,0,0,0,0,0,0,0,0,-21.62207,-49.79987
GUAIMBE,351730,GVE 19 MARILIA,PRONTO ATENDIMENTO DE GUAIMBE,"R. Rui Barbosa, 195 - Guaimbê, SP, 16480-000",0,,1,(14) 3553-1190,,-2.191.258,-4.989.764,0,0,0,0,0,0,0,0,-21.91258,-49.89764
GUAIRA,351740,GVE 14 BARRETOS,SANTA CASA DE MISERICÓRDIA DE GUAÍRA,RUA 24 Nº 872,1,"Botrópico, Crotálico, Loxoscélico, Fonêutrico e Escorpiônico.",1,(17) 3332-7000,JARARACA; CASCAVEL; ARANHA MARROM; ARANHA ARMADEIRA; ESCORPIÃO.,-2.032.583,-4.831.854,1,1,0,0,1,1,1,0,-20.32583,-48.31854
GUAPIACU,351750,GVE 29 SAO JOSE DO RIO PRETO,PRONTO ATENDIMENTO DR JOSE OSMAR SEGURA LOPES,"R. Quinze de Novembro, 358 - CENTRO, Guapiaçu - SP, 15110-000",0,,1,(17) 3267-9210,,-2.079.728,-4.922.060,0,0,0,0,0,0,0,0,-20.79728,-49.2206
GUAPIARA,351760,GVE 32 ITAPEVA,CENTRO DE ATENDIMENTO JOAQUIM RAIMUNDO GOMES,"AV. JACOBE RODOLFO, 229, GUAPIARA - SP, 18310-000",1,"Botrópico, Crotálico, Escorpiônico, Fonêutrico, Loxoscélico, Fonêutrico e Lonômico.",1,(15) 3547-1270,JARARACA; CASCAVEL; ARANHA MARROM; ARANHA ARMADEIRA; ESCORPIÃO; LONÔMIA.,-2.418.471,-4.852.894,1,1,0,0,1,1,1,1,-24.18471,-48.52894
GUARA,351770,GVE 18 FRANCA,SANTA CASA DE GUARA,"R. José Calazans, 40 - Vila Vitória, Guará - SP, 14580-000",0,,1,(16) 3831-3450,,-2.042.736,-4.781.929,0,0,0,0,0,0,0,0,-20.42736,-47.81929
GUARACAI,351780,GVE 11 ARACATUBA,HOSPITAL MATERNIDADE DE GUARÇAÍ,"RUA BENEDITO BEM-HUR LOUZADA, 1210",1,"Botrópico, Crotálico, Loxoscélico, Fonêutrico e Escorpiônico.",1,(18) 3705-1279,JARARACA; CASCAVEL; ARANHA MARROM; ARANHA ARMADEIRA; ESCORPIÃO.,-2.103.398,-5.120.621,1,1,0,0,1,1,1,0,-21.03398,-51.20621
GUARACI,351790,GVE 14 BARRETOS,UBSF JERONIMO FERREIRA DE OLIVEIRA,"R. Carlos de Campos, 824, Guaraci - SP, 15420-000",0,,0,(17) 3285-9971,,-2.049.759,-4.894.437,0,0,0,0,0,0,0,0,-20.49759,-48.94437
GUARANI DOESTE,351800,GVE 30 JALES,CS DE GUARANI DOESTE,"R. João Neves Pontes, 1315, Guarani d'Oeste - SP, 15680-000",0,,0,(17) 3834-1179,,-2.007.359,-5.033.705,0,0,0,0,0,0,0,0,-20.07359,-50.33705
GUARANTA,351810,GVE 19 MARILIA,PRONTO ATENDIMENTO DE GUARANTA,"R. Beraldo Arruda, 352 - CENTRO, Guarantã - SP, 16570-000",0,,1,(14) 3586-1175,,-2.189.542,-4.959.211,0,0,0,0,0,0,0,0,-21.89542,-49.59211
GUARARAPES,351820,GVE 11 ARACATUBA,SANTA CASA DE GUARARAPES,"AV. MARECHAL FLORIANO, 1.062",1,"Botrópico, Crotálico, Loxoscélico, Fonêutrico e Escorpiônico.",1,(18) 3661-1794,JARARACA; CASCAVEL; ARANHA MARROM; ARANHA ARMADEIRA; ESCORPIÃO.,-2.125.113,-5.064.929,1,1,0,0,1,1,1,0,-21.25113,-50.64929
GUARAREMA,351830,GVE 8 MOGI DAS CRUZES,SANTA CASA DE MISERICORDIA DE GUARAREMA,"Praça Dr. Botelho Egas, 11 - Centro, Guararema - SP, 08900-000",0,,1,(11) 4693-8383,,-2.341.484,-4.603.652,0,0,0,0,0,0,0,0,-23.41484,-46.03652
GUARATINGUETA,351840,GVE 33 TAUBATE,UPA III - GUARATINGUETA,"R. RANGEL PESTANA, 195 – CENTRO",1,"Botrópico, Crotálico, Escorpiônico e Loxoscélico, Fonêutrico.",1,(12) 2131-1900 - RAMAL 2030,JARARACA; CASCAVEL; ARANHA MARROM; ARANHA ARMADEIRA; ESCORPIÃO.,-2.282.126,-4.519.127,1,1,0,0,1,1,1,0,-22.82126,-45.19127
GUAREI,351850,GVE 31 SOROCABA,PRONTO ATENDIMENTO ADALBERTO ROCHA GUAREI,"R. Cap. Antonio Abio da Rocha, 417 - Perímetro Urbano, Guareí - SP, 18250-000",0,,1,(15) 3258-9500,,-2.337.074,-4.818.051,0,0,0,0,0,0,0,0,-23.37074,-48.18051
GUARIBA,351860,GVE 24 RIBEIRAO PRETO,IRMANDADE DA SANTA CASA DE MISERICORDIA DE GUARIBA,"R. Nello Petrine, Petrini, 1740 - Jardim Boa Jardim, Guariba - SP, 14840-000",0,,1,(16) 3251-9100,,-2.136.469,-4.822.620,0,0,0,0,0,0,0,0,-21.36469,-48.2262
GUARUJA,351870,GVE 25 SANTOS,HOSP. SANTO AMARO - GUARUJÁ,R. QUINTO BERTOLDI Nº40 V. MAIA,1,"Botrópico, Loxoscélico, Fonêutrico e Escorpiônico.",1,(13) 3389-1515,JARARACA; ARANHA MARROM; ARANHA ARMADEIRA; ESCORPIÃO.,-2.399.094,-4.625.340,1,0,0,0,1,1,1,0,-23.99094,-46.2534
GUARULHOS,351880,GVE 8 MOGI DAS CRUZES,HOSPITAL MUNICIPAL DA CRIANÇA E DO ADOLESCENTE DE GUARULHOS,"RUA JOSÉ MAURÍCIO, 191 - CENTRO, GUARULHOS - SP, CEP 07011-060",1,"Botrópico, Crotálico e Escorpiônico",1,(11) 2475-9688,JARARACA; CASCAVEL; ESCORPIÃO.,-2.346.688,-4.653.220,1,1,0,0,0,0,1,0,-23.46688,-46.5322
GUARULHOS,351880,GVE 8 MOGI DAS CRUZES,HOSPITAL MUNICIPAL DE GUARULHOS,"AV. TIRADENTES, 3392 - BOM CLIMA",1,"Botrópico, Crotálico, Loxoscélico, Fonêutrico, Escorpiônico e Lonômico.",1,(11) 2475-7449,JARARACA; CASCAVEL; ARANHA MARROM; ARANHA ARMADEIRA; ESCORPIÃO; LONÔMIA.,-2.345.246,-4.651.619,1,1,0,0,1,1,1,1,-23.45246,-46.51619
GUATAPARA,351885,GVE 24 RIBEIRAO PRETO,PRONTO ATENDIMENTO CENTRAL - GUATAPARA,"R. dos Jasmins, 333, Guatapará - SP, 14115-000",0,,1,(16) 3973-2010,,-2.149.560,-4.803.934,0,0,0,0,0,0,0,0,-21.4956,-48.03934
GUZOLANDIA,351890,GVE 11 ARACATUBA,UBS CIRCA FERREIRA SOARES MATTOS,"R. Manoel Cândido da Silva, 1200, Guzolândia - SP, 15355-000",0,,0,(17) 3637-1171,,-2.064.865,-5.066.206,0,0,0,0,0,0,0,0,-20.64865,-50.66206
HERCULANDIA,351900,GVE 19 MARILIA,HOSPITAL SAO JOSE DE HERCULANDIA,"R. Dom Pedro II, 162 - Herculândia, SP, 17650-000",0,,1,(14) 3486-1231,,-2.200.561,-5.038.754,0,0,0,0,0,0,0,0,-22.00561,-50.38754
HOLAMBRA,351905,GVE 17 CAMPINAS,PSF CENTRAL IMIGRANTES,"Rua Van Aken - Parque Res. Imigrantes, Holambra - SP, 13825-000",0,,0,(19) 3802-7964,,-2.261.501,-4.706.164,0,0,0,0,0,0,0,0,-22.61501,-47.06164
HORTOLANDIA,351907,GVE 17 CAMPINAS,HOSPITAL E MATERNIDADE MUNICIPAL GOVERNADOR MARIO COVAS,"R. Osvaldo Ribeiro Carrilho, 10 - Jardim Mirante de Sumare, Hortolândia - SP, 13186-214",0,,1,(19) 3809-5100,,-2.288.513,-4.719.552,0,0,0,0,0,0,0,0,-22.88513,-47.19552
IACANGA,351910,GVE 15 BAURU,IRMANDADE DA SANTA CASA DE MISERICORDIA DE IACANGA,"Praça Antonio Garcia, 68 - Centro, Iacanga - SP, 17180-000",0,,1,(14) 3294-1110,,-2.189.259,-4.902.333,0,0,0,0,0,0,0,0,-21.89259,-49.02333
IACRI,351920,GVE 19 MARILIA,PRONTO ATENDIMENTO DE IACRI,"RUA BANDEIRANTES 1.341, CENTRO",1,Escorpiônico,1,(14) 3489-1294,ESCORPIÃO.,-2.185.852,-5.068.819,0,0,0,0,0,0,1,0,-21.85852,-50.68819
IARAS,351925,GVE 16 BOTUCATU,UNIDADE BASICA DE SAUDE DE IARAS,"R. Barão do Rio Branco, Iaras - SP, 18775-000",0,,0,(14) 3764-1250,,-2.287.658,-4.916.147,0,0,0,0,0,0,0,0,-22.87658,-49.16147
IBATE,351930,GVE 12 ARARAQUARA,HOSPITAL MUNICIPAL IBATE,"R. Floriano Peixoto, 403 - Bairro São Benedito, Ibaté - SP, 14815-000",0,,1,(16) 3343-1191,,-2.195.664,-4.799.550,0,0,0,0,0,0,0,0,-21.95664,-47.9955
IBIRA,351940,GVE 29 SAO JOSE DO RIO PRETO,SANTA CASA DE MISERICORDIA DE IBIRA,"Av. José Bueno Cavalheiro, 600 - Centro, Ibirá - SP, 15860-000",0,,1,(17) 3551-1311,,-2.108.207,-4.923.807,0,0,0,0,0,0,0,0,-21.08207,-49.23807
IBIRAREMA,351950,GVE 13 ASSIS,UBS - DR. MARCOS VINICIUS DO NASCIMENTO,"R. José Pereira, 200 - Centro, Ibirarema - SP, 19940-000",0,,1,(14) 3307-1472,,-2.281.633,-5.006.968,0,0,0,0,0,0,0,0,-22.81633,-50.06968
IBITINGA,351960,GVE 12 ARARAQUARA,SANTA CASA DE CARIDADE E MATERNIDADE - IBITINGA,"R. DOMINGOS ROBERT, 1090",1,"Botrópico, Crotálico, Loxoscélico, Fonêutrico e Escorpiônico.",1,(16) 3352-7711,JARARACA; CASCAVEL; ARANHA MARROM; ARANHA ARMADEIRA; ESCORPIÃO.,-2.175.257,-4.882.776,1,1,0,0,1,1,1,0,-21.75257,-48.82776
IBIUNA,351970,GVE 31 SOROCABA,HOSPITAL MUNICIPAL DE IBIUNA,"Av. Gabriel Monteiro da Silva, 888 - Jardim Áurea, Ibiúna - SP, 18150-000",0,,1,(15) 3248-9520,,-2.364.957,-4.721.764,0,0,0,0,0,0,0,0,-23.64957,-47.21764
ICEM,351980,GVE 29 SAO JOSE DO RIO PRETO,CS DE ICEM,"Av. Horácio Borges da Silveira, 475, Icém - SP, 15460-000",0,,1,(17) 3282-9020,,-2.034.335,-4.919.920,0,0,0,0,0,0,0,0,-20.34335,-49.1992
IEPE,351990,GVE 21 PRESIDENTE PRUDENTE,HOSPITAL MUNICIPAL - IEPE,"RUA JOSÉ SIMÕES FILHO, 81",1,"Botrópico, Crotálico, Loxoscélico, Fonêutrico e Escorpiônico.",1,(18) 3264-1441,JARARACA; CASCAVEL; ARANHA MARROM; ARANHA ARMADEIRA; ESCORPIÃO.,-2.265.989,-5.107.914,1,1,0,0,1,1,1,0,-22.65989,-51.07914
IGUARACU DO TIETE,352000,GVE 15 BAURU,PRONTO ATENDIMENTO IGARACU DO TIETE,"RUA MARIA DO CARMO NICOLETTE ORTEGA, 168",1,Escorpiônico,1,(14) 3438-3237,ESCORPIÃO,-2.252.165,-4.856.295,0,0,0,0,0,0,1,0,-22.52165,-48.56295
IGARAPAVA,352010,GVE 18 FRANCA,SANTA CASA DE MISERICÓRDIA - IGARAPAVA,"R. CEL. FRANCISCO MARTINS, 769",1,"Botrópico, Crotálico, Loxoscélico, Fonêutrico e Escorpiônico.",1,(16) 3172-1611,JARARACA; CASCAVEL; ARANHA MARROM; ARANHA ARMADEIRA; ESCORPIÃO.,-2.003.552,-4.774.991,1,1,0,0,1,1,1,0,-20.03552,-47.74991
IGARATA,352020,GVE 27 SAO JOSE DOS CAMPOS,UNIDADE MISTA DE SAUDE ANTONIA RAMOS PRIANTI,"Av. Benedito Rodrigues de Freitas, 300 - Centro, Igaratá - SP, 12350-000",0,,1,(11) 4610-0468,,-2.320.644,-4.615.520,0,0,0,0,0,0,0,0,-23.20644,-46.1552
IGUAPE,352030,GVE 23 REGISTRO,UNIDADE MISTA - IGUAPE,"RUA DOS ESTUDANTES, 40 - CENTRO",1,"Botrópico, Escorpiônico e Loxoscélico, Fonêutrico.",1,(13) 3841-3366,JARARACA; ARANHA MARROM; ARANHA ARMADEIRA; ESCORPIÃO.,-2.471.121,-4.755.927,1,0,0,0,1,1,1,0,-24.71121,-47.55927
ILHA COMPRIDA,352042,GVE 23 REGISTRO,PRONTO ATENDIMENTO VALDIR M SAMPAIO,"RUA BOM JESUS DE IGUAPE, S/N - SAMBURA",1,"Botrópico, Escorpiônico e Loxoscélico, Fonêutrico.",1,(13) 3842-1629,JARARACA; ARANHA MARROM; ARANHA ARMADEIRA; ESCORPIÃO.,-2.473.651,-4.755.080,1,0,0,0,1,1,1,0,-24.73651,-47.5508
ILHA SOLTEIRA,352044,GVE 11 ARACATUBA,ASSOCIAÇÃO HOSPITALAR DE ILHA SOLTEIRA,"ALAMEDA BAHIA, 618",1,"Botrópico, Crotálico, Loxoscélico, Fonêutrico e Escorpiônico.",1,(18) 3743-1500,JARARACA; CASCAVEL; ARANHA MARROM; ARANHA ARMADEIRA; ESCORPIÃO.,-2.043.143,-5.133.916,1,1,0,0,1,1,1,0,-20.43143,-51.33916
ILHABELA,352040,GVE 28 CARAGUATATUBA,HOSP. MUNICIPAL GOV. MARIO COVAS,"R PROF. MALAQUIAS DE OLIVEIRA FREITAS, 154",1,"Botrópico, Crotálico, Elapídico, Escorpiônico, Loxoscélico, Fonêutrico e Lonômico.",1,(12) 3895-3520,JARARACA; CASCAVEL; CORAL; ARANHA MARROM; ARANHA ARMADEIRA; ESCORPIÃO; LONÔMIA.,-2.382.334,-4.537.856,1,1,1,0,1,1,1,1,-23.82334,-45.37856
INDAIATUBA,352050,GVE 17 CAMPINAS,HOSP. AUGUSTO DE OLIVEIRA CAMARGO,"AV. FRANCISCO DE PAULA LEITE, 399",1,"Escorpiônico e Loxoscélico, Fonêutrico.",1,(19) 3801-8200 R. 8347,ARANHA MARROM; ARANHA ARMADEIRA; ESCORPIÃO.,-2.309.268,-4.721.389,0,0,0,0,1,1,1,0,-23.09268,-47.21389
INDIANA,352060,GVE 21 PRESIDENTE PRUDENTE,UNIDADE BASICA DE SAUDE II DE INDIANA,"AVN ALZIRA SANTANA LEBRAO, S/N",0,,0,(18) 3995-1476,,-2.217.509,-5.125.157,0,0,0,0,0,0,0,0,-22.17509,-51.25157
INDIAPORA,352070,GVE 30 JALES,CASA DE SAUDE DE INDIAPORA,"R. Coleta Macedo de Oliveira, 1000 - Centro, Indiaporã - SP, 15690-000",0,,0,(17) 3842-1101,,-1.997.919,-5.028.515,0,0,0,0,0,0,0,0,-19.97919,-50.28515
INUBIA PAULISTA,352080,GVE 19 MARILIA,UNIDADE BASICA DE SAUDE ARMANDO CENEDESI,"R. Antonio Facco, 665 - Centro, Inúbia Paulista - SP, 17760-000",0,,0,(18) 3556-1233,,-2.177.001,-5.096.052,0,0,0,0,0,0,0,0,-21.77001,-50.96052
IPAUSSU,352090,GVE 13 ASSIS,SANTA CASA DE IPAUCU,"Av. Rui Barbosa, 451 - Centro, Ipaussu - SP, 18950-000",0,,1,(14) 344-1112,,-2.305.218,-4.962.406,0,0,0,0,0,0,0,0,-23.05218,-49.62406
IPERO,352100,GVE 31 SOROCABA,HOSPITAL PEDRO TREBBI DE CASTRO,"Av. Paulo Antunes Moreira, 1800 - Jardim Santa Cruz, Iperó - SP, 18560-000",0,,1,(15) 3266-1100,,-2.335.796,-4.770.287,0,0,0,0,0,0,0,0,-23.35796,-47.70287
IPEUNA,352110,GVE 20 PIRACICABA,UNIDADE BASICA DE SAUDE DE IPEUNA,"R. Araripe Custódio da Fonseca, 1100, Ipeúna - SP, 13537-000",0,,1,(19) 3537-9230,,-2.243.235,-4.770.598,0,0,0,0,0,0,0,0,-22.43235,-47.70598
IPIGUA,352115,GVE 29 SAO JOSE DO RIO PRETO,UBS LUIS FACHIN IPIGUA,"Rua Geraldina Dutra Salvador, 700 - Conjunto Habitacional Divino Sebastião Moreira, Ipiguá - SP, 15108-180",0,,1,(17) 3269-9003,,-2.065.404,-4.938.395,0,0,0,0,0,0,0,0,-20.65404,-49.38395
IPORANGA,352120,GVE 23 REGISTRO,PRONTO ATENDIMENTO LAURO TAVARES DE LIMA,"RUA 12 DE JANEIRO, 17 - CENTRO",1,"Botrópico, Crotálico, Loxoscélico, Fonêutrico e Escorpiônico.",1,(15) 3556-1584,JARARACA; CASCAVEL; ARANHA MARROM; ARANHA ARMADEIRA; ESCORPIÃO.,-2.458.677,-4.859.711,1,1,0,0,1,1,1,0,-24.58677,-48.59711
IPUA,352130,GVE 18 FRANCA,SANTA CASA DE MISERICÓRDIA - IPUA,"R. FERDINANDO FRATIN, 335",1,"Botrópico, Crotálico, Loxoscélico, Fonêutrico e Escorpiônico.",1,(16) 3832-1222,JARARACA; CASCAVEL; ARANHA MARROM; ARANHA ARMADEIRA; ESCORPIÃO.,-2.043.685,-4.801.150,1,1,0,0,1,1,1,0,-20.43685,-48.0115
IRACEMAPOLIS,352140,GVE 20 PIRACICABA,PRONTO SOCORRO SANTA CRUZ DE IRACEMAPOLIS,"Rua Alcides Oliveira Frasson, 400 - Jardim Antonio Joaquim Fagundes, Iracemápolis - SP, 13495-000",0,,1,(19) 3456-1205,,-2.258.754,-4.750.948,0,0,0,0,0,0,0,0,-22.58754,-47.50948
IRAPUA,352150,GVE 29 SAO JOSE DO RIO PRETO,UNIDADE BASICA DE SAUDE MARIO EVARISTO TADEI,"R. Afonso Pena, 450 - Centro, Irapuã - SP, 14990-000",0,,1,-,,-2.128.357,-4.940.982,0,0,0,0,0,0,0,0,-21.28357,-49.40982
IRAPURU,352160,GVE 22 PRESIDENTE VENCESLAU,CENTRO DE SAUDE - IRAPURU,"R. São Paulo, 165-291 - Centro, Irapuru - SP, 17880-000",0,,0,(18) 3861-2220,,-2.156.817,-5.134.889,0,0,0,0,0,0,0,0,-21.56817,-51.34889
ITABERA,352170,GVE 32 ITAPEVA,HOSPITAL MUNICIPAL - ITABERA,"R. VINTE E TRÊS DE MAIO, 385 - CENTRO",1,"Botrópico, Crotálico, Escorpiônico, Loxoscélico, Fonêutrico.",1,(15) 3562-1336 E (15) 99766-0948,JARARACA; CASCAVEL; ARANHA MARROM; ARANHA ARMADEIRA; ESCORPIÃO.,-2.386.437,-4.913.770,1,1,0,0,1,1,1,0,-23.86437,-49.1377
ITAI,352180,GVE 16 BOTUCATU,IRMANDADE DA SANTA CASA DE MISERICORDIA DE ITAI,"SP-255, km 363 - Jardim Monte Alto, Itaí - SP, 18730-000",0,,1,(14) 3761-1565,,-2.341.985,-4.909.905,0,0,0,0,0,0,0,0,-23.41985,-49.09905
ITAJOBI,352190,GVE 29 SAO JOSE DO RIO PRETO,IRMANDADE DE MISERICORDIA HOSPITAL SAO JOSE DE ITAJOBI,"R. Rio Branco, 251 - Itajobi, SP, 15840-000",0,,1,(17) 3546-1913,,-2.131.836,-4.905.591,0,0,0,0,0,0,0,0,-21.31836,-49.05591
ITAJU,352200,GVE 15 BAURU,CENTRO DE SAUDE III FLORENCIO CAMARGO GUIMARAES ITAJU,"AV JOAO ZAMBONE ASPARETTO, 261",0,,0,(14) 3667-1238,,-2.198.262,-4.880.449,0,0,0,0,0,0,0,0,-21.98262,-48.80449
ITANHAEM,352210,GVE 25 SANTOS,UPA ITANHAÉM,"R. JOSÉ ERNESTO BECHELLI, S/N. JD. SABAÚNA",1,"Botrópico, Crotálico, Elapídico, Escorpiônico e Loxoscélico, Fonêutrico.",1,(13) 3427-1111,JARARACA; CASCAVEL; ARANHA MARROM; ARANHA ARMADEIRA; ESCORPIÃO.,-2.418.359,-4.681.695,1,1,1,0,1,1,1,0,-24.18359,-46.81695
ITAOCA,352215,GVE 32 ITAPEVA,UNIDADE BASICA DE SAUDE DA FAMILIA ITAOCA,"R. Emerentino Rodrigues da Silva, 2-34 - Centro, Itaoca - SP, 18360-000",0,,0,-,,-2.464.261,-4.883.861,0,0,0,0,0,0,0,0,-24.64261,-48.83861
ITAPECERICA DA SERRA,352220,GVE 10 OSASCO,PRONTO SOCORRO CENTRAL - ITAPECERICA DA SERRA,"R. CARLOS EDUARDO D. TAUTICO, Nº 77",1,"Botrópico, Crotálico, Loxoscélico, Fonêutrico e Escorpiônico.",1,(11) 4668-6803,JARARACA; CASCAVEL; ARANHA MARROM; ARANHA ARMADEIRA; ESCORPIÃO.,-2.371.099,-4.684.903,1,1,0,0,1,1,1,0,-23.71099,-46.84903
ITAPETININGA,352230,GVE 31 SOROCABA,HOSPITAL REGIONAL DE ITAPETININGA,"R. PADRE ALBUQUERQUE , 245 - CENTRO",1,"Botrópico, Crotálico, Escorpiônico e Loxoscélico, Fonêutrico.",1,(15) 3275-7800,JARARACA; CASCAVEL; ARANHA MARROM; ARANHA ARMADEIRA; ESCORPIÃO.,-2.358.458,-4.804.513,1,1,0,0,1,1,1,0,-23.58458,-48.04513
ITAPEVA,352240,GVE 32 ITAPEVA,SANTA CASA DE MISERICÓRDIA DE ITAPEVA,"RUA SANTOS DUMONT, Nº 433 - CENTRO",1,"Botrópico, Crotálico, Elapídico, Escorpiônico, Loxoscélico, Fonêutrico e Lonômico.",1,(15) 3521-9500 E (15) 99763-8307,JARARACA; CASCAVEL; CORAL; ARANHA MARROM; ARANHA ARMADEIRA; ESCORPIÃO; LONÔMIA.,-2.398.829,-4.887.707,1,1,1,0,1,1,1,1,-23.98829,-48.87707
ITAPEVI,352250,GVE 10 OSASCO,HOSPITAL GERAL DE ITAPEVI,"RUA JESUINO JOAQUIM DA SILVA, S/N – JD. NOVA ITAPEVI",1,Escorpiônico,1,(11) 4143-8600,ESCORPIÃO.,-2.353.774,-4.694.267,0,0,0,0,0,0,1,0,-23.53774,-46.94267
ITAPIRA,352260,GVE 26 SAO JOAO DA BOA VISTA,HOSPITAL MUNICIPAL DE ITAPIRA,"R. REVERENDO ALFREDO GUIMARÃES, 111",1,"Botrópico, Crotálico, Elapídico, Escorpiônico, Loxoscélico, Fonêutrico e Lonômico.",1,(19) 3913-9393,JARARACA; CASCAVEL; CORAL; ARANHA MARROM; ARANHA ARMADEIRA; ESCORPIÃO; LONÔMIA.,-2.243.176,-4.682.686,1,1,1,0,1,1,1,1,-22.43176,-46.82686
ITAPIRAPUA PAULISTA,352265,GVE 32 ITAPEVA,UNIDADE BÁSICA DE SAÚDE DA FAMÍLIA - ITAPIRAPUA PAULISTA,RUA JANUÁRIO DE ALMEIDA 51,1,"Escorpiônico e Loxoscélico, Fonêutrico.",0,(15) 3548-1310,ARANHA MARROM; ARANHA ARMADEIRA; ESCORPIÃO.,-2.457.234,-4.916.990,0,0,0,0,1,1,1,0,-24.57234,-49.1699
ITAPOLIS,352270,GVE 12 ARARAQUARA,SANTA CASA DE MISERICÓRDIA DE ITÁPOLIS,"RUA ANTONIO COMPAGNO, 411, CENTRO",1,"Botrópico, Crotálico, Loxoscélico, Fonêutrico e Escorpiônico.",1,(16) 3263-9500,JARARACA; CASCAVEL; ARANHA MARROM; ARANHA ARMADEIRA; ESCORPIÃO.,-2.159.399,-4.880.547,1,1,0,0,1,1,1,0,-21.59399,-48.80547
ITAPORANGA,352280,GVE 16 BOTUCATU,HOSPITAL E MATERNIDADE NOSSA SENHORA DAS GRACAS,"Av. Santa Cruz, 184 - Centro, Itaporanga - SP, 18480-000",0,,1,(15) 3565-9530,,-2.370.790,-4.948.949,0,0,0,0,0,0,0,0,-23.7079,-49.48949
ITAPUI,352290,GVE 15 BAURU,HOSPITAL SAO JOSE DE ITAPUI,"Av. Paes De Barros, 286 - Centro, Itapuí - SP, 17230-000",1,Escorpiônico,1,(14) 3664-3229,ESCORPIÃO,-2.223.532,-4.872.205,0,0,0,0,0,0,1,0,-22.23532,-48.72205
ITAPURA,352300,GVE 11 ARACATUBA,UBS II DE ITAPURA,"Av. Mal. Artur Costa e Silva, 1120, Itapura - SP, 15390-000",0,,0,(18) 3745-1227,,-2.064.234,-5.150.885,0,0,0,0,0,0,0,0,-20.64234,-51.50885
ITAQUAQUECETUBA,352310,GVE 8 MOGI DAS CRUZES,HOSPITAL GERAL DE ITAQUAQUECETUBA,"R. Rio Negro, 48 - Jardim Nova Itaqua, Itaquaquecetuba - SP, 08599-280",0,,1,(11) 4645-4200,,-2.347.231,-4.634.542,0,0,0,0,0,0,0,0,-23.47231,-46.34542
ITARARE,352320,GVE 32 ITAPEVA,SANTA CASA DE MISERICÓRDIA - ITARARÉ,"RUA SÃO PEDRO, Nº 30 - CENTRO",1,"Botrópico, Crotálico, Escorpiônico e Loxoscélico, Fonêutrico.",1,(15) 3532-3783 E (15) 99713-4686,JARARACA; CASCAVEL; ARANHA MARROM; ARANHA ARMADEIRA; ESCORPIÃO.,-2.411.607,-4.934.571,1,1,0,0,1,1,1,0,-24.11607,-49.34571
ITARIRI,352330,GVE 23 REGISTRO,PRONTO SOCORRO DRº TAMINATO TION,"RUA BENEDITO CALIXTO, 260 - CENTRO",1,"Botrópico, Crotálico, Loxoscélico, Fonêutrico e Escorpiônico.",1,(13) 3418-8000,JARARACA; CASCAVEL; ARANHA MARROM; ARANHA ARMADEIRA; ESCORPIÃO.,-2.429.228,-4.717.529,1,1,0,0,1,1,1,0,-24.29228,-47.17529
ITATIBA,352340,GVE 17 CAMPINAS,SANTA CASA DE MISERICÓRDIA DE ITATIBA,"AV. DA SAUDADE, 43",1,"Botrópico, Crotálico, Loxoscélico, Fonêutrico e Escorpiônico.",1,(11) 4594-8899,JARARACA; CASCAVEL; ARANHA MARROM; ARANHA ARMADEIRA; ESCORPIÃO.,-2.300.737,-4.683.331,1,1,0,0,1,1,1,0,-23.00737,-46.83331
ITATINGA,352350,GVE 16 BOTUCATU,HOSPITAL SANTA TEREZINHA E MATERNIDADE ERCILIA PIERONI,"PRACA SAO ROQUE, 48 - Centro, Itatinga - SP, 18690-000",0,,1,(14) 3848-1325,,-2.310.258,-4.861.272,0,0,0,0,0,0,0,0,-23.10258,-48.61272
ITIRAPINA,352360,GVE 20 PIRACICABA,HOSPITAL SÃO JOSÉ DE  ITIRAPINA,"AV. NOVE, 709, VILA CIANELI",1,Escorpiônico,1,(19) 3575-9200,ESCORPIÃO.,-2.224.977,-4.782.230,0,0,0,0,0,0,1,0,-22.24977,-47.8223
ITIRAPUA,352370,GVE 18 FRANCA,CS III - ITIRAPUA,"RUA SAO SEBASTIAO,4700",0,,0,(16) 3146-1213,,-2.063.874,-4.722.117,0,0,0,0,0,0,0,0,-20.63874,-47.22117
ITOBI,352380,GVE 26 SAO JOAO DA BOA VISTA,UNIDADE DE SAUDE DE ITOBI ALCIBIADES PIRES,"R. Inácio Rodrigues Dâmaso - Itobilândia, Itobi - SP, 13715-000",0,,0,(19) 3647-6010,,-2.173.395,-4.697.435,0,0,0,0,0,0,0,0,-21.73395,-46.97435
ITU,352390,GVE 31 SOROCABA,HOSPITAL SANTA CASA - ITU,"RUA JOAQUIM BERBARDES BORGES, 372",1,"Botrópico, Crotálico, Escorpiônico e Loxoscélico, Fonêutrico.",1,(11) 4013-8000,JARARACA; CASCAVEL; ESCORPIÃO.,-2.327.051,-4.729.558,1,1,0,0,1,1,1,0,-23.27051,-47.29558
ITUPEVA,352400,GVE 17 CAMPINAS,HOSPITAL NOSSA SENHORA APARECIDA,"Praça São Venâncio, 2 - Da Lagoa, Itupeva - SP, 13295-000",0,,1,(11) 4591-1220,,-2.317.461,-4.705.248,0,0,0,0,0,0,0,0,-23.17461,-47.05248
ITUVERAVA,352410,GVE 18 FRANCA,SANTA CASA DE MISERICÓRDIA - ITUVERAVA,"R. CAP. ANTONIO JUSTINO FALEIRO, 729",1,"Botrópico, Crotálico, Loxoscélico, Fonêutrico e Escorpiônico.",1,(16) 3839-1200,JARARACA; CASCAVEL; ARANHA MARROM; ARANHA ARMADEIRA; ESCORPIÃO.,-2.033.656,-4.778.802,1,1,0,0,1,1,1,0,-20.33656,-47.78802
JABORANDI,352420,GVE 14 BARRETOS,HOSPITAL MUNICIPAL DR AMADEU PAGLIUSO,"R. Dr. Amadeu Pagliuso, 480, Jaborandi - SP, 14775-000",0,,1,(17) 3347-1286,,-2.068.953,-4.841.642,0,0,0,0,0,0,0,0,-20.68953,-48.41642
JOABOTICABAL,352430,GVE 24 RIBEIRAO PRETO,HOSPITAL E MATERNIDADE SANTA ISABEL DE JABOTICABAL,"R. Floriano Peixoto, 1387 - Centro, Jaboticabal - SP, 14870-810",0,,1,(16) 3209-2333,,-2.125.576,-4.832.613,0,0,0,0,0,0,0,0,-21.25576,-48.32613
JACAREI,352440,GVE 27 SAO JOSE DOS CAMPOS,UPA III DR THELMO DE ALMEIDA CRUZ - JACAREÍ,"AV. ENGENHEIRO DAVID MONTEIRO LINO, 577 - CENTRO",1,"Botrópico, Crotálico, Elapídico, Loxoscélico, Fonêutrico e Escorpiônico.",1,(12) 3959-2270,JARARACA; CASCAVEL; CORAL; ARANHA MARROM; ARANHA ARMADEIRA; ESCORPIÃO.,-2.329.616,-4.596.372,1,1,1,0,1,1,1,0,-23.29616,-45.96372
JACI,352450,GVE 29 SAO JOSE DO RIO PRETO,HOSPITAL NOSSA SENHORA DA DIVINA PROVIDENCIA,"R. Maria Joana do Amaral Mendonça, 950, Jaci - SP, 15155-000",0,,1,(17) 3283-1222,,-2.088.294,-4.957.318,0,0,0,0,0,0,0,0,-20.88294,-49.57318
JACUPIRANGA,352460,GVE 23 REGISTRO,PRONTO ATENDIMENTO - JACUPIRANGA,"RUA EUNICE CARNEIRO DE PAULA, 101 - CENTRO",1,"Botrópico, Escorpiônico e Loxoscélico, Fonêutrico.",1,(13) 3864-3440,JARARACA; ARANHA MARROM; ARANHA ARMADEIRA; ESCORPIÃO.,-2.469.675,-4.800.365,1,0,0,0,1,1,1,0,-24.69675,-48.00365
JAGUARIUNA,352470,GVE 17 CAMPINAS,HOSPITAL MUNICIPAL WALTER FERRARI,"R. Amazonas, s/n - Centro, Jaguariúna - SP, 13820-000",0,,1,(19) 3867-1122,ESCORPIÃO.,-2.270.266,-4.699.543,0,0,0,0,0,0,0,0,-22.70266,-46.99543
JALES,352480,GVE 30 JALES,UNIDADE DE PRONTO ATENDIMENTO (UPA) - JALES,RUA SEBASTIÃO MARTINS N 2373,1,"Botrópico, Crotálico, Elapídico, Loxoscélico, Fonêutrico e Escorpiônico.",1,(17) 3632-8747,JARARACA; CASCAVEL; CORAL; ARANHA MARROM; ARANHA ARMADEIRA; ESCORPIÃO.,-2.026.676,-5.054.324,1,1,1,0,1,1,1,0,-20.26676,-50.54324
JAMBEIRO,352490,GVE 27 SAO JOSE DOS CAMPOS,UBS DE JAMBEIRO JOCELINA MEIRELES,"R. Antonio de Castro-Leite, 38 - Centro, Jambeiro - SP, 12270-000",0,,1,(12) 3978-1651,,-2.325.596,-4.569.182,0,0,0,0,0,0,0,0,-23.25596,-45.69182
JANDIRA,352500,GVE 10 OSASCO,PRONTO ATENDIMENTO MUNICIPAL DE JANDIRA PAM JANDIRA,"Av. Alberto Ruffolo, 312 - Vila Anita Costa, Jandira - SP, 06600-170",0,,1,(11) 4707-1954,,-2.353.646,-4.690.122,0,0,0,0,0,0,0,0,-23.53646,-46.90122
JARDINOPOLIS,352510,GVE 24 RIBEIRAO PRETO,HOSPITAL SANTA CASA DE JARDINOPOLIS,"R. Antônio Elias Said, 100 - Vila das Mangueiras, Jardinópolis - SP, 14680-000",0,,1,-,,-2.102.962,-4.777.844,0,0,0,0,0,0,0,0,-21.02962,-47.77844
JARINU,352520,GVE 17 CAMPINAS,HOSPITAL ISRAELITA ST JAMES DE JARINU,"Av. José Manara, 450 - Centro, Jarinu - SP, 13240-000",0,,1,(11) 3336-6600,,-2.311.058,-4.672.943,0,0,0,0,0,0,0,0,-23.11058,-46.72943
JAU,352530,GVE 15 BAURU,SANTA CASA DE MISERICÓRDIA - JAU,"RUA RIACHUELO, Nº 1073",1,"Botrópico, Crotálico, Loxoscélico, Fonêutrico e Escorpiônico.",1,(14) 3622-4040,JARARACA; CASCAVEL; ARANHA MARROM; ARANHA ARMADEIRA; ESCORPIÃO.,-2.229.157,-4.856.208,1,1,0,0,1,1,1,0,-22.29157,-48.56208
JERIQUARA,352540,GVE 18 FRANCA,CS III JERIQUARA,"Prc São Sebastião, 100, Jeriquara - SP, 14450-000",0,,0,(16) 3134-1334,,-2.031.138,-4.758.909,0,0,0,0,0,0,0,0,-20.31138,-47.58909
JOANOPOLIS,352550,GVE 17 CAMPINAS,SANTA CASA DE MISERICORDIA DE JOANOPOLIS,"Rua Francisco Wohlers, 57, Joanópolis - SP, 12980-000",0,,1,(11) 4539-9333,,-2.293.037,-4.627.286,0,0,0,0,0,0,0,0,-22.93037,-46.27286
JOAO RAMALHO,352560,GVE 21 PRESIDENTE PRUDENTE,UBS I - JOAO RAMALHO,"R. Paulo Azevedo, 80 - Centro, João Ramalho - SP, 19680-000",0,,0,(18) 3998-1106,,-2.224.956,-5.076.722,0,0,0,0,0,0,0,0,-22.24956,-50.76722
JOSE BONIFACIO,352570,GVE 29 SAO JOSE DO RIO PRETO,SANTA CASA DE MISERICÓRDIA - JOSE BONIFACIO,"RUA XV DE NOVEMBRO S/N, BELA VISTA",1,"Botrópico, Crotálico, Loxoscélico, Fonêutrico e Escorpiônico",1,(17) 3265-9022,JARARACA; CASCAVEL; ARANHA MARROM; ARANHA ARMADEIRA; ESCORPIÃO.,-2.105.551,-4.969.366,1,1,0,0,1,1,1,0,-21.05551,-49.69366
JULIO MESQUITA,352580,GVE 19 MARILIA,USF ANTONIO SOARES,"R. Jorge Moraes Barros, 459, Júlio Mesquita - SP, 17550-000",0,,0,(14) 3487-9099,,-2.201.150,-4.978.972,0,0,0,0,0,0,0,0,-22.0115,-49.78972
JUMIRIM,352585,GVE 31 SOROCABA,CS BRAZILIANO POGGI JUMIRIM,"R. Bazzo, 176, Jumirim - SP, 18535-000",0,,0,(15) 3199-9816,,-2.308.362,-4.779.337,0,0,0,0,0,0,0,0,-23.08362,-47.79337
JUNDIAI,352590,GVE 17 CAMPINAS,HOSPITAL UNIVERSITÁRIO (0 A 18 ANOS),"PRAÇA ROTATÓRIA, S/N",1,"Botrópico, Crotálico, Loxoscélico, Fonêutrico e Escorpiônico.",1,(11) 4527-5700,JARARACA; CASCAVEL; ARANHA MARROM; ARANHA ARMADEIRA; ESCORPIÃO.,-2.320.499,-4.689.211,1,1,0,0,1,1,1,0,-23.20499,-46.89211
JUNDIAI,352590,GVE 17 CAMPINAS,HOSPITAL SÃO VICENTE DE PAULA (ADULTOS),"RUA SÃO VICENTE DE PAULA, 223",1,"Botrópico, Crotálico, Loxoscélico, Fonêutrico e Escorpiônico.",1,(11) 4583-8155,JARARACA; CASCAVEL; ARANHA MARROM; ARANHA ARMADEIRA; ESCORPIÃO.,-2.318.400,-4.689.005,1,1,0,0,1,1,1,0,-23.184,-46.89005
JUNQUEIROPOLIS,352600,GVE 22 PRESIDENTE VENCESLAU,SANTA CASA DE MISERICÓRDIA - JUNQUEIROPOLIS,"RUA PORTO ALEGRE, 1221",1,"Botrópico, Crotálico, Escorpiônico e Loxoscélico, Fonêutrico.",1,(18) 3841-9420,JARARACA; CASCAVEL; ARANHA MARROM; ARANHA ARMADEIRA; ESCORPIÃO.,-2.151.506,-5.143.895,1,1,0,0,1,1,1,0,-21.51506,-51.43895
JUQUIA,352610,GVE 23 REGISTRO,PRONTO SOCORRO DRº MANOEL PEREZ BAZAN,"AV. EXPEDICIONÁRIO APARÍCIO, S/Nº - ESTAÇÃO",1,"Botrópico, Escorpiônico e Loxoscélico, Fonêutrico.",1,(13) 3844-3450,JARARACA; ARANHA MARROM; ARANHA ARMADEIRA; ESCORPIÃO.,-2.432.382,-4.762.910,1,0,0,0,1,1,1,0,-24.32382,-47.6291
JUQUITIBA,352620,GVE 10 OSASCO,UNIDADE MISTA DE SAÚDE - JUQUITIBA,"RUA JOSÉ ANTONIO NUNES, Nº 90",1,"Botrópico, Crotálico, Loxoscélico, Fonêutrico, Escorpiônico e Lonômico.",1,(11) 4681-4226,JARARACA; CASCAVEL; ARANHA MARROM; ARANHA ARMADEIRA; ESCORPIÃO; LONÔMIA.,-2.393.317,-4.706.984,1,1,0,0,1,1,1,1,-23.93317,-47.06984
LAGOINHA,352630,GVE 33 TAUBATE,CENTRO DE SAÚDE III - LAGOINHA,"R: ANTONIO DA CUNHA BUENO, 25, CEP:12130-000",1,"Botrópico, Crotálico, Escorpiônico e Loxoscélico, Fonêutrico.",1,(12) 3647-1238 R 29,JARARACA; CASCAVEL; ARANHA MARROM; ARANHA ARMADEIRA; ESCORPIÃO.,-2.308.965,-4.519.206,1,1,0,0,1,1,1,0,-23.08965,-45.19206
LARANJAL PAULISTA,352640,GVE 16 BOTUCATU,SANTA CASA DE LARANJAL PAULISTA,"RUA GOVERNADOR PEDRO DE TOLEDO, 633, CENTRO",1,Escorpiônico,1,(15) 3383-9191,ESCORPIÃO.,-2.305.557,-4.783.278,0,0,0,0,0,0,1,0,-23.05557,-47.83278
LAVINIA,352650,GVE 11 ARACATUBA,UBSF ARLINDO VIDAL LEME LAVINIA,"RUA HINTZ BRANDAO, 82",0,,0,(18) 3698-1284,,-2.116.525,-5.104.154,0,0,0,0,0,0,0,0,-21.16525,-51.04154
LAVRINHAS,352660,GVE 33 TAUBATE,USF LAVRINHAS,"R. Manoel Machado, 303 - Lavrinhas, SP, 12760-000",0,,0,(12) 3146-1144,,-2.256.866,-4.490.545,0,0,0,0,0,0,0,0,-22.56866,-44.90545
LEME,352670,GVE 20 PIRACICABA,SANTA CASA DE MISERICÓRDIA - LEME,"RUA: PE. JULIÃO, 1213",1,"Botrópico, Crotálico, Loxoscélico, Fonêutrico e Escorpiônico.",1,(19) 3573-6500,JARARACA; CASCAVEL; ARANHA MARROM; ARANHA ARMADEIRA; ESCORPIÃO.,-2.218.977,-4.739.227,1,1,0,0,1,1,1,0,-22.18977,-47.39227
LENCOIS PAULISTA,352680,GVE 15 BAURU,UPA DE LENÇÓIS PAULISTA,"RUA SETE DE SETEMBRO, Nº 600",1,Escorpiônico,1,(14) 3269-1300,ESCORPIÃO.,-2.260.005,-4.879.594,0,0,0,0,0,0,1,0,-22.60005,-48.79594
LIMEIRA,352690,GVE 20 PIRACICABA,SANTA CASA DE MISERICÓRDIA - LIMEIRA,"AV. ANTONIO OMETTO, 675, VILA CLAUDIA",1,"Botrópico, Crotálico, Loxoscélico, Fonêutrico e Escorpiônico.",1,(19) 3446-6100,JARARACA; CASCAVEL; ARANHA MARROM; ARANHA ARMADEIRA; ESCORPIÃO.,-2.257.933,-4.740.029,1,1,0,0,1,1,1,0,-22.57933,-47.40029
LINDOIA,352700,GVE 17 CAMPINAS,CENTRO DE SAUDE III DE LINDOIA,"RUA APARECIDO ZAMBOIM,20",0,,0,(19) 3898-3553,,-2.252.053,-4.664.702,0,0,0,0,0,0,0,0,-22.52053,-46.64702
LINS,352710,GVE 15 BAURU,IRM. STA CASA DE MIS. DE LINS,"RUA PEDRO DE TOLEDO, 486",1,"Botrópico, Crotálico, Escorpiônico, Laquético e Loxoscélico, Fonêutrico",1,(14) 3533-2500,JARARACA; CASCAVEL; LAQUÉTICO; ARANHA MARROM; ARANHA ARMADEIRA; ESCORPIÃO.,-2.167.230,-4.975.548,1,1,0,1,1,1,1,0,-21.6723,-49.75548
LORENA,352720,GVE 33 TAUBATE,PRONTO SOCORRO MUNICIPAL - LORENA,R. DOM BOSCO 562 CENTRO - CEP 12.600-100,1,"Botrópico, Crotálico, Escorpiônico e Loxoscélico, Fonêutrico.",1,(12) 3159-3344,JARARACA; CASCAVEL; ARANHA MARROM; ARANHA ARMADEIRA; ESCORPIÃO.,-2.273.401,-4.511.996,1,1,0,0,1,1,1,0,-22.73401,-45.11996
LOURDES,352725,GVE 11 ARACATUBA,UNIDADE BASICA DE SAUDE LAZARO QUIRINO DA SILVA,"R. Francisco da Silva, 190, Lourdes - SP, 15285-000",0,,0,-,,-2.096.388,-5.022.597,0,0,0,0,0,0,0,0,-20.96388,-50.22597
LOUVEIRA,352730,GVE 17 CAMPINAS,HOSPITAL SANTO ANTONIO DE LOUVEIRA,"R. Luís M Cruz, 63 - Santo Antônio, Louveira - SP, 13294-334",0,,1,(19) 3948-5300,,-2.308.901,-4.697.797,0,0,0,0,0,0,0,0,-23.08901,-46.97797
LUCELIA,352740,GVE 19 MARILIA,SANTA CASA DE LUCELIA,"R. Manoel Lopes, 410 - Centro, Lucélia - SP, 17780-000",0,,1,(18) 3551-9050,,-2.172.808,-5.101.039,0,0,0,0,0,0,0,0,-21.72808,-51.01039
LUCIANOPOLIS,352750,GVE 15 BAURU,UBS LAURO BORGES,"Rua Irenio Zaninoto - Nucleo Belmiro Jorge, Lucianópolis - SP, 17475-262",0,,0,(14) 3286-1190,,-2.243.243,-4.952.024,0,0,0,0,0,0,0,0,-22.43243,-49.52024
LUIS ANTONIO,352760,GVE 24 RIBEIRAO PRETO,UNIDADE MISTA DE LUIZ ANTONIO,"R. Guilherme Brian, 1060, Luís Antônio - SP, 14210-000",0,,1,-,,-2.155.377,-4.770.194,0,0,0,0,0,0,0,0,-21.55377,-47.70194
LUIZIANIA,352770,GVE 11 ARACATUBA,COMPLEXO MUNICIPAL DE SAUDE DE LUIZIANIA,"R. Padre João Braem, 365, Luiziânia - SP, 16340-000",0,,1,(18) 3603-1160,,-2.167.593,-5.032.737,0,0,0,0,0,0,0,0,-21.67593,-50.32737
LUPERCIO,352780,GVE 19 MARILIA,CENTRO DE SAUDE DE LUPERCIO,"Praça Antônio Daun, 67 - Centro, Lupércio - SP, 17420-000",0,,0,(14) 3474-1135,,-2.241.559,-4.981.684,0,0,0,0,0,0,0,0,-22.41559,-49.81684
LUTECIA,352790,GVE 13 ASSIS,CENTRO DE SAUDE DE LUTECIA,"R. Manoel Lourenço, 353, Lutécia - SP, 19750-000",0,,0,(18) 3368-1129,,-2.234.000,-5.039.192,0,0,0,0,0,0,0,0,-22.34,-50.39192
MACATUBA,352800,GVE 15 BAURU,SANTA CASA DE MACATUBA,"R. Carlos Gomes, 654 - CENTRO, Macatuba - SP, 17290-000",0,,1,(14) 3298-9200,,-2.250.419,-4.871.357,0,0,0,0,0,0,0,0,-22.50419,-48.71357
MACAUBAL,352810,GVE 29 SAO JOSE DO RIO PRETO,SANTA CASA DE MACAUBAL,"RUA SETE DE SETEMBRO, Nº 1203 - CENTRO, 15270-000",1,Escorpiônico,1,(17) 3874-1408,ESCORPIÃO.,-2.080.785,-4.996.336,0,0,0,0,0,0,1,0,-20.80785,-49.96336
MACEDONIA,352820,GVE 30 JALES,UBS DE MACEDONIA,"Rua Dep Anisio Moreira, 439, Macedônia - SP, 15620-000",0,,1,(17) 3849-1162,,-2.014.542,-5.019.289,0,0,0,0,0,0,0,0,-20.14542,-50.19289
MAGDA,352830,GVE 29 SAO JOSE DO RIO PRETO,CENTRO DE SAUDE III DE MAGDA,"Rua Manoel Franco Junior, 522 - Centro, Magda - SP, 15310-000",0,,0,(17) 3487-1149,,-2.064.580,-5.022.474,0,0,0,0,0,0,0,0,-20.6458,-50.22474
MAIRINQUE,352840,GVE 31 SOROCABA,PRONTO ATENDIMENTO MUNICIPAL DE MAIRINQUE,"AVN MILTON CARDOSO LEITE, 151 - CANGUERINHA, Mairinque - SP, 18120-000",0,,1,(11) 4718-1500,,-2.354.655,-4.719.078,0,0,0,0,0,0,0,0,-23.54655,-47.19078
MAIRIPORA,352850,GVE 9 FRANCO DA ROCHA,HOSPITAL E MATERNIDADE DE MAIRIPORÃ,"RUA IPIRANGA Nº 280, CENTRO",1,Escorpiônico,1,(11) 4419-4422,ESCORPIÃO.,-2.332.093,-4.659.011,0,0,0,0,0,0,1,0,-23.32093,-46.59011
MANDURI,352860,GVE 16 BOTUCATU,UBS DR ALDEMAR HOLTZ DE ALMEIDA,"RUA RIO GRANDE DO SUL, 809",0,,0,(14) 3356-9202,,-2.300.673,-4.932.444,0,0,0,0,0,0,0,0,-23.00673,-49.32444
MARABA PAULISTA,352870,GVE 22 PRESIDENTE VENCESLAU,CENTRO DE SAUDE MARABA PAULISTA UNIDADE SAUDE DA FAMILIA,"R. José Teodoro, Marabá Paulista - SP, 19430-000",0,,0,(18) 3996-1125,,-2.210.805,-5.196.656,0,0,0,0,0,0,0,0,-22.10805,-51.96656
MARACAI,352880,GVE 13 ASSIS,HOSPITAL BENEFICENTE DE MARACAI,"Av. José Bonifácio, 382 - Centro, Maracaí - SP, 19840-000",0,,1,(18) 3371-2797,,-2.261.256,-5.066.648,0,0,0,0,0,0,0,0,-22.61256,-50.66648
MARAPOAMA,352885,GVE 29 SAO JOSE DO RIO PRETO,UBS DE MARAPOAMA,"Praça da Independencia, 160, Marapoama - SP, 15845-000",0,,1,(17) 3548-9000,,-2.125.795,-4.913.294,0,0,0,0,0,0,0,0,-21.25795,-49.13294
MARIAPOLIS,352890,GVE 19 MARILIA,CENTRO DE SAUDE DE MARIAPOLIS,"Praça Frei Dionisio Antonio Marinelli, 85 - Centro, Mariápolis - SP, 17810-000",0,,0,(18)3586-1234,,-2.179.874,-5.118.222,0,0,0,0,0,0,0,0,-21.79874,-51.18222
MARILIA,352900,GVE 19 MARILIA,HOSPITAL DE CLÍNICAS I (ADULTOS),"R. AZIZ ATALLAH, S/Nº",1,"Botrópico, Crotálico, Elapídico, Escorpiônico, Loxoscélico, Fonêutrico e Lonômico.",1,(14) 3434-2525,JARARACA; CASCAVEL; CORAL; ARANHA MARROM; ARANHA ARMADEIRA; ESCORPIÃO; LONÔMIA.,-2.222.649,-4.993.550,1,1,1,0,1,1,1,1,-22.22649,-49.9355
MARILIA,352900,GVE 19 MARILIA,HOSPITAL DE CLÍNICAS II (CRIANÇAS),"AV. SAMPAIO VIDAL, 42",1,"Botrópico, Crotálico, Elapídico, Escorpiônico, Loxoscélico, Fonêutrico e Lonômico.",1,(14) 3434-2526,JARARACA; CASCAVEL; CORAL; ARANHA MARROM; ARANHA ARMADEIRA; ESCORPIÃO; LONÔMIA.,-2.222.246,-4.994.735,1,1,1,0,1,1,1,1,-22.22246,-49.94735
MARINOPOLIS,352910,GVE 30 JALES,CS DE MARINOPOLIS,"RUA ESPIRITO SANTO, 130",0,,0,(17) 3695-1143,,-2.044.032,-5.082.422,0,0,0,0,0,0,0,0,-20.44032,-50.82422
MARTINOPOLIS,352920,GVE 21 PRESIDENTE PRUDENTE,SANTA CASA DE MISERICÓRDIA - MARTINOPOLIS,"RUA JOSÉ HENRIQUE DE MELLO, 236",1,"Botrópico, Crotálico, Loxoscélico, Fonêutrico e Escorpiônico.",1,(18) 3275-1000,JARARACA; CASCAVEL; ARANHA MARROM; ARANHA ARMADEIRA; ESCORPIÃO.,-2.214.608,-5.117.009,1,1,0,0,1,1,1,0,-22.14608,-51.17009
MATAO,352930,GVE 12 ARARAQUARA,HOSPITAL CARLOS FERNANDO MALZONI,"R. SINHARINHA FROTA, 556",1,"Botrópico, Crotálico, Loxoscélico, Fonêutrico e Escorpiônico.",1,(16) 3383-2500,JARARACA; CASCAVEL; ARANHA MARROM; ARANHA ARMADEIRA; ESCORPIÃO.,-2.160.581,-4.836.796,1,1,0,0,1,1,1,0,-21.60581,-48.36796
MAUA,352940,GVE 7 SANTO ANDRE,HOSPITAL DE CLINICAS DR RADAMES NARDINI,"R. Reg. Feijó, 166 - Vila Bocaina, Mauá - SP, 09310-640",0,,1,(11) 2666-5400,,-2.367.253,-4.645.047,0,0,0,0,0,0,0,0,-23.67253,-46.45047
MENDONCA,352950,GVE 29 SAO JOSE DO RIO PRETO,UBS BENEDICTA DO CARMO OLIVEIRA DONA DITA,"R. Angelo Petrolini, 350, Mendonça - SP, 15220-000",0,,0,(17) 3248-9550,,-2.118.705,-4.958.037,0,0,0,0,0,0,0,0,-21.18705,-49.58037
MERIDIANO,352960,GVE 30 JALES,UBS DE MERIDIANO,"R. João de Setembro, Meridiano - SP, 15625-000",0,,0,(17) 3475-1144,,-2.035.674,-5.017.619,0,0,0,0,0,0,0,0,-20.35674,-50.17619
MESOPOLIS,352965,GVE 30 JALES,UBS DE MESOPOLIS,"R. Direitos Humanos, 2164 - Centro, Mesópolis - SP, 15748-000",0,,0,-,,-1.996.784,-5.062.332,0,0,0,0,0,0,0,0,-19.96784,-50.62332
MIGUELOPOLIS,352970,GVE 18 FRANCA,SANTA CASA DE MIGUELOPOLIS,"R. José Jacobe Daur, s/n - Centro, Miguelópolis - SP, 14530-000",0,,1,(16) 3835-6700,,-2.018.318,-4.802.856,0,0,0,0,0,0,0,0,-20.18318,-48.02856
MINEIROS DO TIETE,352980,GVE 15 BAURU,PRONTO ATENDIMENTO MUNICIPAL DE MINEIROS DO TIETE,"R. Sub Delegado Ferrinho, 535 - Centro, Mineiros do Tietê - SP, 17320-037",1,Escorpiônico,1,(14)3646-1217,ESCORPIÃO,-2.241.203,-4.844.823,0,0,0,0,0,0,1,0,-22.41203,-48.44823
MIRA ESTRELA,353000,GVE 30 JALES,UBS DE MIRA ESTRELA,"Praça Benedito Castrequini, 472 - Centro, Mira Estrela - SP, 15580-000",0,,0,(17) 3846-1219,,-1.997.937,-5.013.824,0,0,0,0,0,0,0,0,-19.97937,-50.13824
MIRACATU,352990,GVE 23 REGISTRO,PRONTO ATENDIMENTO MIYOJI KAYO,"AV. DONA EVARISTA DE CASTRO FERREIRA, 77 - CENTRO",1,"Botrópico, Escorpiônico e Loxoscélico, Fonêutrico.",1,(13) 3847-7010,JARARACA; ARANHA MARROM; ARANHA ARMADEIRA; ESCORPIÃO.,-2.428.600,-4.745.852,1,0,0,0,1,1,1,0,-24.286,-47.45852
MIRANDOPOLIS,353010,GVE 11 ARACATUBA,HOSP. EST. DR. OSWALDO BRANADI FARIA - MIRANDÓPOLIS,"AV. DR. RAUL DA CUNHA BUENO, 585",1,"Botrópico, Crotálico, Loxoscélico, Fonêutrico e Escorpiônico.",1,(18) 3701-1611,JARARACA; CASCAVEL; ARANHA MARROM; ARANHA ARMADEIRA; ESCORPIÃO.,-2.112.488,-5.110.375,1,1,0,0,1,1,1,0,-21.12488,-51.10375
MIRANTE DO PARANAPANEMA,353020,GVE 22 PRESIDENTE VENCESLAU,PRONTO ATENDIMENTO MUNICIPAL - MIRANTE DO PARANAPANEMA,"AV. ZIL BRASIL, 320",1,"Botrópico, Crotálico, Escorpiônico e Loxoscélico, Fonêutrico.",1,(18) 3991-1292,JARARACA; CASCAVEL; ARANHA MARROM; ARANHA ARMADEIRA; ESCORPIÃO.,-2.228.523,-5.190.681,1,1,0,0,1,1,1,0,-22.28523,-51.90681
MIRASSOL,353030,GVE 29 SAO JOSE DO RIO PRETO,HOSPITAL E MATERNIDADE MAE DO DIVINO AMOR,"R. Rui Barbosa, 2019 - Centro, Mirassol - SP, 15130-000",0,,1,(17) 3253-9830,,-2.081.539,-4.951.247,0,0,0,0,0,0,0,0,-20.81539,-49.51247
MIRASSOLANDIA,353040,GVE 29 SAO JOSE DO RIO PRETO,CSIII DE MIRASSOLANDIA,"R. Eugênio Ponchio, 477, Mirassolândia - SP, 15145-000",0,,1,(17) 3263-2318,,-2.061.534,-4.946.621,0,0,0,0,0,0,0,0,-20.61534,-49.46621
MOCOCA,353050,GVE 26 SAO JOAO DA BOA VISTA,UNIDADE DE PRONTO ATENDIMENTO - MOCOCA,"AV. SAUDADE, 1445 - CENTRO",1,"Botrópico, Crotálico, Elapídico, Escorpiônico, Loxoscélico, Fonêutrico e Lonômico.",1,(19) 3656-9200,JARARACA; CASCAVEL; CORAL; ARANHA MARROM; ARANHA ARMADEIRA; ESCORPIÃO; LONÔMIA.,-2.146.359,-4.700.665,1,1,1,0,1,1,1,1,-21.46359,-47.00665
MOGI DAS CRUZES,353060,GVE 8 MOGI DAS CRUZES,HOSPITAL LUZIA PINHO DE MELO,RUA MANOEL DE OLIVEIRA S/N,1,"Botrópico, Crotálico, Elapídico, Loxoscélico, Fonêutrico, Escorpiônico e Lonômico.",1,(11) 3583-2800,JARARACA; CASCAVEL; CORAL; ARANHA MARROM; ARANHA ARMADEIRA; ESCORPIÃO; LONÔMIA.,-2.351.011,-4.619.494,1,1,1,0,1,1,1,1,-23.51011,-46.19494
MOGI GUACU,353070,GVE 26 SAO JOAO DA BOA VISTA,SANTA CASA DE MISERICÓRDIA - MOGI GUACU,"R. CHICO DE PAULA, 608",1,"Botrópico, Crotálico, Elapídico, Escorpiônico, Loxoscélico, Fonêutrico e Lonômico.",1,(19) 3818-5943,JARARACA; CASCAVEL; CORAL; ARANHA MARROM; ARANHA ARMADEIRA; ESCORPIÃO; LONÔMIA.,-2.236.446,-4.694.351,1,1,1,0,1,1,1,1,-22.36446,-46.94351
MOGI MIRIM,353080,GVE 26 SAO JOAO DA BOA VISTA,PRONTO SOCORRO DA SANTA CASA DE MOGI MIRIM,"RUA MAESTRO AZEVEDO, 124. CENTRO. MOGI MIRIM",1,Escorpiônico,1,(19) 3814-3000,ESCORPIÃO.,-2.243.782,-4.695.940,0,0,0,0,0,0,1,0,-22.43782,-46.9594
MOMBUCA,353090,GVE 20 PIRACICABA,UNIDADE MISTA DE SAUDE DE MOMBUCA,"R. Gerson Maschio, 60 - Jardim das Oliveiras, Mombuca - SP, 13375-000",0,,1,-,,-2.293.332,-4.756.508,0,0,0,0,0,0,0,0,-22.93332,-47.56508
MONCOES,353100,GVE 29 SAO JOSE DO RIO PRETO,ESTRATEGIA SAUDE DA FAMILIA DE MONCOES,"R. Rio Branco, Monções - SP, 15275-000",0,,0,(17) 3484-1231,,-2.085.130,-5.009.746,0,0,0,0,0,0,0,0,-20.8513,-50.09746
MONGAGUA,353110,GVE 25 SANTOS,UPA MONGAGUÁ,"AV. MONTEIRO LOBATO, 9.400 – AGENOR DE CAMPOS",1,"Botrópico, Crotálico, Loxoscélico, Fonêutrico e Escorpiônico.",1,(13) 3507-1110,JARARACA; CASCAVEL; ARANHA MARROM; ARANHA ARMADEIRA; ESCORPIÃO.,-2.412.556,-4.668.513,1,1,0,0,1,1,1,0,-24.12556,-46.68513
MONTE ALEGRE DO SUL,353120,GVE 17 CAMPINAS,CENTRO DE SAUDE III MONTE ALEGRE DO SUL,"R. Pref. José Amaral - Monte Alegre do Sul, SP, 13820-000",0,,0,(19) 3899-1300,,-2.268.609,-4.668.165,0,0,0,0,0,0,0,0,-22.68609,-46.68165
MONTE ALTO,353130,GVE 24 RIBEIRAO PRETO,PRONTO SOCORRO MUNICIPAL DE MONTE ALTO,"RUA JEREMIAS DE PAULA EDUARDO, 2287, CENTRO",1,Escorpiônico,1,(16) 3242-2100 / 8358,ESCORPIÃO.,-2.126.441,-4.850.212,0,0,0,0,0,0,1,0,-21.26441,-48.50212
MONTE APRAZIVEL,353140,GVE 29 SAO JOSE DO RIO PRETO,IRMANDADE DA SANTA CASA DE MISERICÓRDIA DE MONTE APRAZÍVEL,"RUA SÃO JOÃO, 729, CENTRO, 15150-000",1,Escorpiônico,1,(17) 3275-9510,ESCORPIÃO.,-2.077.163,-4.970.840,0,0,0,0,0,0,1,0,-20.77163,-49.7084
MONTE AZUL PAULISTA,353150,GVE 14 BARRETOS,HOSPITAL SENHOR BOM JESUS,"R. Rui Barbosa, 267 - Centro, Monte Azul Paulista - SP, 14730-000",0,,1,(17) 3361-9210,,-2.090.531,-4.863.770,0,0,0,0,0,0,0,0,-20.90531,-48.6377
MONTE CASTELO,353160,GVE 22 PRESIDENTE VENCESLAU,CENTRO DE SAUDE DE MONTE CASTELO VICE PREFEITO CHIGAMI SUZUK,"R. Joana Maria Genebra Sferra, 319 - Centro, Monte Castelo - SP, 17960-000",0,,0,(18) 3855-1171,,-2.129.949,-5.156.950,0,0,0,0,0,0,0,0,-21.29949,-51.5695
MONTE MOR,353180,GVE 17 CAMPINAS,ASSOCIACAO HOSPITAL BENEFICENTE SAGRADO CORACAO DE JESUS,"Av. Jânio Quadros, 1000 - Centro, Monte Mor - SP, 13190-000",0,,1,(19) 3879-1999,,-2.295.018,-4.730.612,0,0,0,0,0,0,0,0,-22.95018,-47.30612
MONTEIRO LOBATO,353170,GVE 27 SAO JOSE DOS CAMPOS,CENTRO DE SAÚDE III DR. JOÃO AURICCHO,"RUA ANTÔNIO ALVES MAGALHÃES, 20 – CENTRO",1,"Escorpiônico, Fonêutrico e Loxoscélico, Fonêutrico.",1,(12) 3979-1124,ARANHA MARROM; ARANHA ARMADEIRA; ESCORPIÃO.,-2.295.518,-4.583.919,0,0,0,0,1,1,1,0,-22.95518,-45.83919
MORRO AGUDO,353190,GVE 18 FRANCA,HOSP. SÃO MARCOS DA SAMA,"R. SEBASTIÃO ANTONIO MUNIZ, 164",1,"Botrópico, Crotálico, Loxoscélico, Fonêutrico e Escorpiônico.",1,(16) 3851-3000,JARARACA; CASCAVEL; ARANHA MARROM; ARANHA ARMADEIRA; ESCORPIÃO.,-2.073.566,-4.805.505,1,1,0,0,1,1,1,0,-20.73566,-48.05505
MORUNGABA,353200,GVE 17 CAMPINAS,HOSPITAL MUNICIPAL SANTO ANTONIO,"Rua André Aparecido Tomazino, n° 28 - Jardim Ana, Morungaba - SP, 13262-036",0,,1,(11) 4014-4624,,-2.287.367,-4.678.690,0,0,0,0,0,0,0,0,-22.87367,-46.7869
MOTUCA,353205,GVE 12 ARARAQUARA,CMO OCTAVIO THOMAZ DE AQUINO MOTUCA,"R. Gerudy Figueiredo - Centro, Motuca - SP, 14835-000",0,,0,(16) 3348-9400,,-2.151.225,-4.815.070,0,0,0,0,0,0,0,0,-21.51225,-48.1507
MURUTINGA DO SUL,353210,GVE 11 ARACATUBA,UBS II ANATALICIO DE OLIVEIRA DE MURUTINGA DO SUL,"R. Orlando Molina, 187, Murutinga do Sul - SP, 16950-000",0,,0,(18) 3788-1406,,-2.098.863,-5.127.908,0,0,0,0,0,0,0,0,-20.98863,-51.27908
NANTES,353215,GVE 21 PRESIDENTE PRUDENTE,UNIDADE BASICA DE SAUDE - NANTES,"R. Gonçalves de Assis, 352, Nantes - SP, 19650-013",0,,0,(18) 3268-6181,,-2.262.137,-5.123.823,0,0,0,0,0,0,0,0,-22.62137,-51.23823
NARANDIBA,353220,GVE 21 PRESIDENTE PRUDENTE,UBS II DE NARANDIBA COM SERVICO DE ESF,"R. Alves de Almeida, Narandiba - SP, 19220-000",0,,0,(18) 3992-1101,,-2.240.593,-5.152.299,0,0,0,0,0,0,0,0,-22.40593,-51.52299
NATIVIDADE DA SERRA,353230,GVE 33 TAUBATE,CENTRO DE SAUDE DE NATIVIDADE DA SERRA,"R. José F da Silva - Natividade da Serra, SP, 12180-000",0,,0,(12) 3677-1102,,-2.337.875,-4.544.641,0,0,0,0,0,0,0,0,-23.37875,-45.44641
NAZARE PAULISTA,353240,GVE 17 CAMPINAS,HOSPITAL MUNICIPAL DE NAZARE PAULISTA,"Ezau Avelino Pinheiro, 100, Nazaré Paulista - SP, 12960-000",0,,1,(11) 4597-1588,,-2.316.119,-4.639.404,0,0,0,0,0,0,0,0,-23.16119,-46.39404
NEVES PAULISTA,353250,GVE 29 SAO JOSE DO RIO PRETO,SANTA CASA DE NEVES PAULISTA,"R. Floriano Peixoto, 95 - Centro, Neves Paulista - SP, 15120-000",0,,1,(17) 3271-1297,,-2.085.043,-4.963.117,0,0,0,0,0,0,0,0,-20.85043,-49.63117
NHANDEARA,353260,GVE 29 SAO JOSE DO RIO PRETO,HOSPITAL SAO DOMINGOS NA PROV DE DEUS NHANDEARA,"R. Nossa Sra. das Graças, 272 - Vila Aparecia, Nhandeara - SP, 15190-000",0,,1,(17) 3467-4910,,-2.069.864,-5.003.553,0,0,0,0,0,0,0,0,-20.69864,-50.03553
NIPOA,353270,GVE 29 SAO JOSE DO RIO PRETO,CS DE NIPOA,"R. Rio de Janeiro, 873, Nipoã - SP, 15240-000",0,,0,-,,-2.091.426,-4.977.967,0,0,0,0,0,0,0,0,-20.91426,-49.77967
NOVA ALIANCA,353280,GVE 29 SAO JOSE DO RIO PRETO,CS DE NOVA ALIANCA,"R. Rio Preto - Nova Aliança, SP, 15210-000",0,,1,(17) 3811-1208,,-2.101.888,-4.950.238,0,0,0,0,0,0,0,0,-21.01888,-49.50238
NOVA CAMPINA,353282,GVE 32 ITAPEVA,UNIDADE DE SAÚDE JOÃO RODRIGUES DE PROENÇA,"R. JOÃO NUNES DE OLIVEIRA, 525 - CENTRO - 18435-000",1,"Escorpiônico e Loxoscélico, Fonêutrico",0,(15) 3535-1264,ARANHA MARROM; ARANHA ARMADEIRA; ESCORPIÃO.,-2.412.111,-4.890.718,0,0,0,0,1,1,1,0,-24.12111,-48.90718
NOVA CANAA PAULISTA,353284,GVE 30 JALES,UBS DE NOVA CANAA PAULISTA,"R. Seis, 576, Nova Canaã Paulista - SP, 15773-000",0,,0,-,,-2.038.955,-5.094.736,0,0,0,0,0,0,0,0,-20.38955,-50.94736
NOVA CASTILHO,353286,GVE 11 ARACATUBA,UBS PROF PAULO RICOY DE CAMARGO NOVA CASTILHO,"R. Sete de Setembro, 381, Nova Castilho - SP, 15313-000",0,,0,(17) 3831-6160,,-2.076.232,-5.034.049,0,0,0,0,0,0,0,0,-20.76232,-50.34049
NOVA EUROPA,353290,GVE 12 ARARAQUARA,SANTA CASA DE MISERICORDIA NOVA EUROPA,"R. Osvaldo Pongetti, Nova Europa - SP, 14920-000",0,,1,(16) 3387-1312,,-2.177.988,-4.856.788,0,0,0,0,0,0,0,0,-21.77988,-48.56788
NOVA GRANADA,353300,GVE 29 SAO JOSE DO RIO PRETO,P. S. MUNICIPAL DE NOVA GRANADA,"AV. DR. HILDEBERTO A. FERREIRA, Nº 1271, CENTRO",1,Escorpiônico,1,(17) 3262-2843,ESCORPIÃO.,-2.053.813,-4.932.452,0,0,0,0,0,0,1,0,-20.53813,-49.32452
NOVA GUATAPORANGA,353310,GVE 22 PRESIDENTE VENCESLAU,CENTRO DE SAUDE DE NOVA GUATAPORANGA,"R. Brasil, 315 - Centro, Nova Guataporanga - SP, 17950-000",0,,0,(18) 3856-1249,,-2.133.602,-5.164.503,0,0,0,0,0,0,0,0,-21.33602,-51.64503
NOVA INDEPENDENCIA,353320,GVE 11 ARACATUBA,UBS II LENIR SPAZZAPAN DE ALENCAR NOVA INDEPENDENCIA,"Av. Euríco Soares Andrade, 595-691, Nova Independência - SP, 16940-000",0,,1,(18) 3744-1135,,-2.110.578,-5.149.151,0,0,0,0,0,0,0,0,-21.10578,-51.49151
NOVA LUZITANIA,353330,GVE 11 ARACATUBA,UBS III NOVA LUZITANIA,"R. José da Silva Carvalhais, 1660, Nova Luzitânia - SP, 15340-000",0,,0,(17) 3483-1213,,-2.085.622,-5.026.448,0,0,0,0,0,0,0,0,-20.85622,-50.26448
NOVA ODESSA,353340,GVE 17 CAMPINAS,HOSPITAL E MATERNIDADE MUNICIPAL DR ACILIO CARRION GARCIA,"R. Aristídes Bassora, s/n - Bosque dos Cedros, Nova Odessa - SP, 13460-000",0,,1,(19) 3476-8194,,-2.278.012,-4.730.011,0,0,0,0,0,0,0,0,-22.78012,-47.30011
NOVAIS,353325,GVE 29 SAO JOSE DO RIO PRETO,PRONTO ATENDIMENTO DE NOVAIS,"R. Maj. João Batista Novais, 466, Novais - SP, 15885-000",0,,1,(17) 3561-1181,,-2.099.203,-4.891.844,0,0,0,0,0,0,0,0,-20.99203,-48.91844
NOVO HORIZONTE,353350,GVE 29 SAO JOSE DO RIO PRETO,IRMANDADE SANTA CASA DE MISERICÓRDIA - NOVO HORIZONTE,"RUA VINTE E OITO DE OUTUBRO, 1202 - CENTRO",1,"Botrópico, Crotálico e Escorpiônico",1,(17) 3542-9292 / (17) 3542-1020,JARARACA; CASCAVEL; ESCORPIÃO.,-2.146.599,-4.922.677,1,1,0,0,0,0,1,0,-21.46599,-49.22677
NUPORANGA,353360,GVE 18 FRANCA,HOSPITAL SAO GERALDO DE NUPORANGA,"R. São José, 287 - Centro, Nuporanga - SP, 14670-000",0,,1,(16) 3847-1129,,-2.072.994,-4.774.993,0,0,0,0,0,0,0,0,-20.72994,-47.74993
OCAUCU,353370,GVE 19 MARILIA,CENTRO DE SAUDE DE OCAUCU,"Av. Celeste Casagrande, 115, Ocauçu - SP, 17540-023",0,,0,(14) 3475-1205,,-2.243.910,-4.991.983,0,0,0,0,0,0,0,0,-22.4391,-49.91983
OLEO,353380,GVE 13 ASSIS,CS III DR RICARDO FRANKLIN DE MELLO,"R. José Antônio Salgado, 111 - Óleo, SP, 18790-013",0,,0,(14) 3357-1400,,-2.294.324,-4.934.265,0,0,0,0,0,0,0,0,-22.94324,-49.34265
OLIMPIA,353390,GVE 14 BARRETOS,UNIDADE DE PRONTO ATENDIMENTO 24 H WILSON ZANGIROLAMI,"AV. VALDEMAR LOPES FERRAZ, 288 - CENTRO",1,"Botrópico, Crotálico, Escorpiônico, Loxoscélico, Fonêutrico e Lonômico.",1,(17) 3281-6044 / 3280-6305,JARARACA; CASCAVEL; ARANHA MARROM; ARANHA ARMADEIRA; ESCORPIÃO; LONÔMIA.,-2.073.962,-4.890.639,1,1,0,0,1,1,1,1,-20.73962,-48.90639
ONDA VERDE,353400,GVE 29 SAO JOSE DO RIO PRETO,CS DE ONDA VERDE,"R. Luzia da Silva Florêncio, 1000, Onda Verde - SP, 15450-000",0,,1,(17) 3268-1186,,-2.060.557,-4.930.067,0,0,0,0,0,0,0,0,-20.60557,-49.30067
ORIENTE,353410,GVE 19 MARILIA,UNIDADE MISTA DE SAUDE DE ORIENTE,"R. Mário Reis, 213, Oriente - SP, 17570-000",0,,1,-,,-2.215.325,-5.009.300,0,0,0,0,0,0,0,0,-22.15325,-50.093
ORINDIUVA,353420,GVE 29 SAO JOSE DO RIO PRETO,CS DE ORINDIÚVA,"AV. FRANCISCO TOMÁS AQUINO, 170 - 250, ORINDIÚVA - SP, 15480-000",1,"Botrópico, Crotálico e Escorpiônico",1,(17) 3816-1297,JARARACA; CASCAVEL; ESCORPIÃO.,-2.018.335,-4.935.220,1,1,0,0,0,0,1,0,-20.18335,-49.3522
ORLANDIA,353430,GVE 18 FRANCA,HOSP. BENEFICENTE SANTO ANTONIO DE ORLÂNDIA,"AV. 3, 941",1,"Botrópico, Crotálico, Loxoscélico, Fonêutrico e Escorpiônico.",1,(16) 3820-4200,JARARACA; CASCAVEL; ARANHA MARROM; ARANHA ARMADEIRA; ESCORPIÃO.,-2.072.402,-4.789.101,1,1,0,0,1,1,1,0,-20.72402,-47.89101
OSASCO,353440,GVE 10 OSASCO,HOSPITAL MUNICIPAL ANTONIO GIGLIO,"R. Pedro Fioretti, 48 - Centro, Osasco - SP, 06013-070",0,,1,(11) 2183-9333,,-2.353.216,-4.677.737,0,0,0,0,0,0,0,0,-23.53216,-46.77737
OSCAR BRESSANE,353450,GVE 19 MARILIA,CS DE OSCAR BRESSANE PSF,"R. Vitório Girotto, 403, Oscar Bressane - SP, 19770-000",0,,0,(14) 3457-1138,,-2.231.641,-5.028.152,0,0,0,0,0,0,0,0,-22.31641,-50.28152
OSVALDO CRUZ,353460,GVE 19 MARILIA,SANTA CASA DE MISERICORDIA DE OSVALDO CRUZ,"Av. Pres. Vargas, 1 - Vila Sao Luis, Osvaldo Cruz - SP, 17700-190",0,,1,(18) 3529-9558,,-2.180.373,-5.087.691,0,0,0,0,0,0,0,0,-21.80373,-50.87691
OURINHOS,353470,GVE 13 ASSIS,SANTA CASA DE OURINHOS,"RUA D. PEDRO I, Nº 716, VILA MORAES",1,"Botrópico, Crotálico, Loxoscélico, Fonêutrico e Escorpiônico.",1,(14) 3322-1133,JARARACA; CASCAVEL; ARANHA MARROM; ARANHA ARMADEIRA; ESCORPIÃO.,-2.298.404,-4.986.376,1,1,0,0,1,1,1,0,-22.98404,-49.86376
OURO VERDE,353480,GVE 22 PRESIDENTE VENCESLAU,UBS MARCIA CRISTIANE DA SILVA DE OURO VERDE,"R. Pernambuco, 648 - Centro, Ouro Verde - SP, 17920-000",0,,0,(18) 3872-1186,,-2.148.762,-5.170.040,0,0,0,0,0,0,0,0,-21.48762,-51.7004
OUROESTE,353475,GVE 30 JALES,HOSP. MUNICIPAL JOÃO VELOSO OUROESTE,AV. BANDEIRANTES 1026 CENTRO,1,"Botrópico, Crotálico, Escorpiônico e Loxoscélico, Fonêutrico.",1,(17) 3843-1312,JARARACA; CASCAVEL; ARANHA MARROM; ARANHA ARMADEIRA; ESCORPIÃO.,-2.000.467,-5.037.094,1,1,0,0,1,1,1,0,-20.00467,-50.37094
PACAEMBU,353490,GVE 19 MARILIA,PRONTO SOCORRO MUNICIPAL DE PACAEMBU,"Av. Gentil Valter Ribeiro, 360 - Jardim Marajá, Pacaembu - SP, 17860-000",0,,1,(18) 3862-1724,,-2.156.419,-5.125.223,0,0,0,0,0,0,0,0,-21.56419,-51.25223
PALESTINA,353500,GVE 29 SAO JOSE DO RIO PRETO,CS DE PALESTINA,"R. Zinho Dutra, 1271 - Palestina, SP, 15470-000",0,,1,(17) 3293-1345,,-2.039.447,-4.943.875,0,0,0,0,0,0,0,0,-20.39447,-49.43875
PALMARES PAULISTA,353510,GVE 29 SAO JOSE DO RIO PRETO,UBS III OLAVO DOMINGUES,"R. Sete de Setembro, 342, Palmares Paulista - SP, 15828-000",0,,1,(17) 3587-1164,,-2.108.338,-4.880.026,0,0,0,0,0,0,0,0,-21.08338,-48.80026
PALMEIRA DOESTE,353520,GVE 30 JALES,SANTA CASA DE PALMEIRA D'OESTE,"Av. Carlos Gomes, 4929 - Centro, Palmeira d'Oeste - SP, 15720-000",0,,1,(17) 3651-1432,,-2.041.824,-5.076.181,0,0,0,0,0,0,0,0,-20.41824,-50.76181
PALMITAL,353530,GVE 13 ASSIS,SANTA CASA DE MISERICORDIA DE PALMITAL,"Rua Alameda da Paz, 80 - Paraná, Palmital - SP, 19973-144",0,,1,(18) 3351-9100,,-2.279.147,-5.021.766,0,0,0,0,0,0,0,0,-22.79147,-50.21766
PANORAMA,353540,GVE 22 PRESIDENTE VENCESLAU,PRONTO ATENDIMENTO MUNICIPAL - PANORAMA,"RUA MANOEL FERNANDES DA CUNHA, 512",1,"Botrópico, Crotálico, Escorpiônico e Loxoscélico, Fonêutrico.",1,(18) 3871-1583,JARARACA; CASCAVEL; ARANHA MARROM; ARANHA ARMADEIRA; ESCORPIÃO.,-2.136.087,-5.185.891,1,1,0,0,1,1,1,0,-21.36087,-51.85891
PARAGUACU PAULISTA,353550,GVE 13 ASSIS,SANTA CASA DE PARAGUAÇU PAULISTA,"RUA CARAMURU Nº 568, CENTRO",1,"Botrópico, Crotálico, Loxoscélico, Fonêutrico e Escorpiônico.",1,(18) 3361-1133,JARARACA; CASCAVEL; ARANHA MARROM; ARANHA ARMADEIRA; ESCORPIÃO.,-2.241.439,-5.057.929,1,1,0,0,1,1,1,0,-22.41439,-50.57929
PARAIBUNA,353560,GVE 27 SAO JOSE DOS CAMPOS,UNIDADE DE PRONTO ATENDIMENTO - PARAIBUNA,"RUA MAJOR SOARES, S/N",1,"Botrópico, Crotálico, Escorpiônico, Loxoscélico, Fonêutrico e Lonômico.",1,(12) 3974-0003,JARARACA; CASCAVEL; ARANHA MARROM; ARANHA ARMADEIRA; ESCORPIÃO.,-2.338.738,-4.566.088,1,1,0,0,1,1,1,1,-23.38738,-45.66088
PARAISO,353570,GVE 29 SAO JOSE DO RIO PRETO,UBS I EMILIO BARATTO,"R. São Pedro, 705, Paraíso - SP, 15825-000",0,,1,(17 )3567-9511,,-2.101.680,-4.877.242,0,0,0,0,0,0,0,0,-21.0168,-48.77242
PARANAPANEMA,353580,GVE 16 BOTUCATU,HOSPITAL MUNICIPAL LEONARDUS VAN MELLIS,"RUA URIAS DOMINGUES LEITE, S/Nº, CENTRO",1,Escorpiônico,1,(14) 3713-9131,ESCORPIÃO.,-2.338.713,-4.872.703,0,0,0,0,0,0,1,0,-23.38713,-48.72703
PARANAPUA,353590,GVE 30 JALES,CS DE PARANAPUA,"R. Dr. Júlio Amaral, 2528, Paranapuã - SP, 15745-000",0,,0,(17) 3648-9020,,-2.010.493,-5.058.583,0,0,0,0,0,0,0,0,-20.10493,-50.58583
PARAPUA,353600,GVE 19 MARILIA,SANTA CASA DE PARAPUA,"R. Fortaleza, 725 - Centro, Parapuã - SP, 17730-000",0,,1,(18) 3582-1393,,-2.178.478,-5.079.198,0,0,0,0,0,0,0,0,-21.78478,-50.79198
PARDINHO,353610,GVE 16 BOTUCATU,UNIDADE MISTA DE PARDINHO,"R. Francisco Eburneo, 100, Pardinho - SP, 18640-000",0,,1,(14) 3886-1334,,-2.308.373,-4.837.335,0,0,0,0,0,0,0,0,-23.08373,-48.37335
PARIQUERA ACU,353620,GVE 23 REGISTRO,HOSPITAL REGIONAL DRº LEOPOLDO BEVILACQUA,"RUA DO EXPEDICIONÁRIOS, 140 - CENTRO",1,"Botrópico, Crotálico, Loxoscélico, Fonêutrico, Lonômico e Escorpiônico.",1,(13) 3856-9600,JARARACA; CASCAVEL; ARANHA MARROM; ARANHA ARMADEIRA; ESCORPIÃO; LONÔMIA.,-2.471.681,-4.787.869,1,1,0,0,1,1,1,1,-24.71681,-47.87869
PARISI,353625,GVE 29 SAO JOSE DO RIO PRETO,USF AMADEU GARCIA DE SOUZA PARISI,"R. Aurélio Parize - 292, Parisi - SP, 15525-000",0,,0,(17)3839-1138,,-2.030.273,-5.001.364,0,0,0,0,0,0,0,0,-20.30273,-50.01364
PATROCINIO PAULISTA,353630,GVE 18 FRANCA,SANTA CASA DE MISERICÓRDIA DE PATROCÍNIO PTA.,"R. CÔNEGO PEREGRINO, 1181",1,"Botrópico, Crotálico, Loxoscélico, Fonêutrico e Escorpiônico.",1,(16) 3145-1121,JARARACA; CASCAVEL; ARANHA MARROM; ARANHA ARMADEIRA; ESCORPIÃO.,-2.064.346,-4.728.065,1,1,0,0,1,1,1,0,-20.64346,-47.28065
PAULICEIA,353640,GVE 22 PRESIDENTE VENCESLAU,CS DR JOSE A NOGUEIRA ESF I ROSIMAR DE ARAUJO FRANCO,"Av. Paulista, 1671 - Centro, Paulicéia - SP, 17990-000",0,,0,(18)3876-1156,,-2.131.430,-5.183.298,0,0,0,0,0,0,0,0,-21.3143,-51.83298
PAULINIA,353650,GVE 17 CAMPINAS,HOSPITAL MUNICIPAL DE PAULINIA (HMP),"R. Miguel Vicente Cury, 100 - Nova Paulínia, Paulínia - SP, 13140-000",1,Escorpiônico,1,(19) 3874-5500,ESCORPIÃO.,-2.277.029,-4.714.967,0,0,0,0,0,0,1,0,-22.77029,-47.14967
PAULISTANIA,353657,GVE 15 BAURU,UNIDADE MARIA NAZARETH,"R. José Porfírio, 18 - Centro, Paulistânia - SP, 17150-027",0,,0,(14) 3275-1015,,-2.257.631,-4.940.059,0,0,0,0,0,0,0,0,-22.57631,-49.40059
PAULO DE FARIA,353660,GVE 29 SAO JOSE DO RIO PRETO,SANTA CASA DE PAULO DE FARIA,"R. Zenha Ribeiro, 958 - Centro, Paulo de Faria - SP, 15490-000",0,,1,(17) 3292-1291,,-2.002.984,-4.940.170,0,0,0,0,0,0,0,0,-20.02984,-49.4017
PEDERNEIRAS,353670,GVE 15 BAURU,SANTA CASA DE PEDERNEIRAS,"Av. Paulista, O-325 - Centro, Pederneiras - SP, 17280-000",0,,1,(14) 3283-8380,,-2.235.043,-4.878.040,0,0,0,0,0,0,0,0,-22.35043,-48.7804
PEDRA BELA,353680,GVE 17 CAMPINAS,UNIDADE BASICA DE SAUDE DR JORGE HIRODI ORITA,"R. Bernardino de Lima Paes, 51, Pedra Bela - SP, 12990-000",0,,0,(11) 4037-1495,,-2.279.675,-4.644.373,0,0,0,0,0,0,0,0,-22.79675,-46.44373
PEDRANOPOLIS,353690,GVE 30 JALES,UBS DE PEDRANOPOLIS,"R. Antônio Milhorini, 368 - Centro, Pedranópolis - SP, 15630-000",0,,0,(17)3838-1159,,-2.024.848,-5.011.017,0,0,0,0,0,0,0,0,-20.24848,-50.11017
PEDREGULHO,353700,GVE 18 FRANCA,SANTA CASA DE MISERICÓRDIA - PEDREGULHO,"R. TENENTE SALVIANO, 125",1,"Botrópico, Crotálico, Loxoscélico, Fonêutrico e Escorpiônico.",1,(16) 3711-2149,JARARACA; CASCAVEL; ARANHA MARROM; ARANHA ARMADEIRA; ESCORPIÃO.,-2.025.846,-4.747.691,1,1,0,0,1,1,1,0,-20.25846,-47.47691
PEDREIRA,353710,GVE 17 CAMPINAS,FUNDACAO BENEFICIENTE DE PEDREIRA,"Rua Henriqueta Rondelo Canesso, 161 - Vila Canesso, Pedreira - SP, 13920-000",0,,1,(19) 3852-9630,,-2.274.483,-4.691.729,0,0,0,0,0,0,0,0,-22.74483,-46.91729
PEDRINHAS PAULISTA,353715,GVE 13 ASSIS,UBS DR PRIMO RUY,"R. Paraná, 265-301, Pedrinhas Paulista - SP, 19865-000",0,,0,(18) 3375-1365,,-2.281.329,-5.079.346,0,0,0,0,0,0,0,0,-22.81329,-50.79346
PEDRO DE TOLEDO,353720,GVE 23 REGISTRO,UNIDADE MISTA - PEDRO DE TOLEDO,"AV. CORONEL RAIMUNDO VASCONCELOS, 360 - CENTRO",1,"Botrópico, Loxoscélico, Fonêutrico e Escorpiônico.",1,(13) 3419-7010,JARARACA; ARANHA MARROM; ARANHA ARMADEIRA; ESCORPIÃO.,-2.427.516,-4.723.286,1,0,0,0,1,1,1,0,-24.27516,-47.23286
PENAPOLIS,353730,GVE 11 ARACATUBA,SANTA CASA DE MISERICÓRDIA DE PENÁPOLIS,"AV. SANTA CASA, 566",1,"Botrópico, Crotálico, Loxoscélico, Fonêutrico e Escorpiônico.",1,(18) 3652-2210,JARARACA; CASCAVEL; ARANHA MARROM; ARANHA ARMADEIRA; ESCORPIÃO.,-2.142.325,-5.007.212,1,1,0,0,1,1,1,0,-21.42325,-50.07212
PEREIRA BARRETO,353740,GVE 11 ARACATUBA,SANTA CASA DE PEREIRA BARRETO,"RUA DERMIVAL FRANCESCHI, 505",1,"Botrópico, Crotálico, Loxoscélico, Fonêutrico e Escorpiônico.",1,(18) 3704-4255,JARARACA; CASCAVEL; ARANHA MARROM; ARANHA ARMADEIRA; ESCORPIÃO.,-2.065.323,-5.111.565,1,1,0,0,1,1,1,0,-20.65323,-51.11565
PEREIRAS,353750,GVE 16 BOTUCATU,CENTRO DE SAUDE DE PEREIRAS,"Praça Dr Paulo Fraletti s/ n - Centro, Pereiras - SP, 18580-000",0,,1,(14) 3888-1272,,-2.307.333,-4.797.706,0,0,0,0,0,0,0,0,-23.07333,-47.97706
PERUIBE,353760,GVE 25 SANTOS,UPA PERUÍBE (PROVISÓRIO),RUA ALFREDO GOMES 46. CENTRO. PERUÍBE,1,"Botrópico, Crotálico, Loxoscélico, Fonêutrico e Escorpiônico.",1,(13) 3454-1589,JARARACA; CASCAVEL; ARANHA MARROM; ARANHA ARMADEIRA; ESCORPIÃO.,-2.431.923,-4.700.318,1,1,0,0,1,1,1,0,-24.31923,-47.00318
PIACATU,353770,GVE 11 ARACATUBA,UBS III DE PIACATU ANTONIO CIRO DEPS,"Trecho Vereador Guilherme Tomarozzi 63, Piacatu - SP, 16230-000",0,,0,1836931248,,-2.159.332,-5.059.862,0,0,0,0,0,0,0,0,-21.59332,-50.59862
PIEDADE,353780,GVE 31 SOROCABA,HOSPITAL SANTA CASA - PIEDADE,"RUA QUINTINO BOCAIUVA, Nº 154, CENTRO",1,"Botrópico, Crotálico, Escorpiônico e Loxoscélico, Fonêutrico.",1,(15) 3244-8200,JARARACA; CASCAVEL; ESCORPIÃO.,-2.371.306,-4.741.929,1,1,0,0,1,1,1,0,-23.71306,-47.41929
PILAR DO SUL,353790,GVE 31 SOROCABA,SANTA CASA PILAR DO SUL,"Av. Papa João XXIII, 1038 - Campo Grande, Pilar do Sul - SP, 18185-000",0,,1,(15) 3278-9600,,-2.381.087,-4.772.908,0,0,0,0,0,0,0,0,-23.81087,-47.72908
PINDAMONHANGABA,353800,GVE 33 TAUBATE,PRONTO SOCORRO MUNICIPAL - PINDAMONHANGABA,R. MAJOR JOSÉ DOS SANTOS MOREIRA 466 - CEP 12.410-050,1,"Botrópico, Crotálico, Escorpiônico e Loxoscélico, Fonêutrico.",1,(12) 3550-0597 / (12) 3550-0600,JARARACA; CASCAVEL; ARANHA MARROM; ARANHA ARMADEIRA; ESCORPIÃO.,-2.293.105,-4.545.859,1,1,0,0,1,1,1,0,-22.93105,-45.45859
PINDORAMA,353810,GVE 29 SAO JOSE DO RIO PRETO,PRONTO SOCORRO MUNICIPAL JOAO NASSAR,"R. Wenceslau Braz, 149 - Centro Histórico de São Paulo, Pindorama - SP, 15830-000",0,,1,(17) 3572-1504,,-2.118.503,-4.890.494,0,0,0,0,0,0,0,0,-21.18503,-48.90494
PINHALZINHO,353820,GVE 17 CAMPINAS,CSIII DR HUGO ROCHA,"R. Variante Americo Pedro Benedetti, 71, Pinhalzinho - SP, 12995-000",0,,0,(11) 4018-4129,,-2.278.330,-4.658.218,0,0,0,0,0,0,0,0,-22.7833,-46.58218
PIQUEROBI,353830,GVE 22 PRESIDENTE VENCESLAU,POSTO DE SAUDE DRCRISTOVAN RUTHILLER T MACIEL,"R. Olávo Bilac, 166, Piquerobi - SP, 19410-000",0,,0,-,,-2.188.801,-5.172.890,0,0,0,0,0,0,0,0,-21.88801,-51.7289
PIQUETE,353850,GVE 33 TAUBATE,UNIDADE DE PRONTO ATENDIMENTO PIQUETE,"Avenida Olga Maria Ecklund, s/n - Centro, Piquete - SP, 12620-000",0,,1,(12) 3156-3400,,-2.261.127,-4.518.481,0,0,0,0,0,0,0,0,-22.61127,-45.18481
PIRACAIA,353860,GVE 17 CAMPINAS,SANTA CASA DE PIRACAIA,"Av. Dr. Cândido Rodrigues, 120 - Centro, Piracaia - SP, 12970-000",0,,1,(11) 4036-2010,,-2.305.531,-4.635.697,0,0,0,0,0,0,0,0,-23.05531,-46.35697
PIRACICABA,353870,GVE 20 PIRACICABA,SANTA CASA DE MISERICÓRDIA DE PIRACICABA,"AV. INDEPENDÊNCIA, 953",1,"Botrópico, Crotálico, Elapídico, Escorpiônico, Loxoscélico, Fonêutrico e Lonômico.",1,(19) 3417-5000,JARARACA; CASCAVEL; CORAL; ARANHA MARROM; ARANHA ARMADEIRA; ESCORPIÃO; LONÔMIA.,-2.273.704,-4.764.343,1,1,1,0,1,1,1,1,-22.73704,-47.64343
PIRACICABA,353870,GVE 20 PIRACICABA,UPA VILA CRISTINA,"RUA DONA ANÉSIA, JARAGUÁ",1,Escorpiônico,1,(19) 3434-2296,ESCORPIÃO.,-2.274.113,-4.766.736,0,0,0,0,0,0,1,0,-22.74113,-47.66736
PIRAJU,353880,GVE 16 BOTUCATU,SOCIEDADE DE BENEFICÊNCIA - PIRAJU,"RUA 7 DE SETEMBRO, Nº 818",1,"Botrópico, Crotálico, Loxoscélico, Fonêutrico e Escorpiônico.",1,(14) 3305-9444,JARARACA; CASCAVEL; ARANHA MARROM; ARANHA ARMADEIRA; ESCORPIÃO.,-2.319.688,-4.938.141,1,1,0,0,1,1,1,0,-23.19688,-49.38141
PIRAJUI,353890,GVE 15 BAURU,SANTA CASA DE PIRAJUÍ,"AVENIDA RUI BARBOSA LIMA, Nº 746",1,Escorpiônico,1,(14) 3572-1828,ESCORPIÃO.,-2.199.754,-4.945.833,0,0,0,0,0,0,1,0,-21.99754,-49.45833
PIRANGI,353900,GVE 29 SAO JOSE DO RIO PRETO,HOSPITAL BENEFICENTE JOSE PIRONDI,"Av. Carmem Lúcia Giglio Girade, 1901 - Centro, Pirangi - SP, 15820-000",0,,1,(17) 3386-1800,,-2.109.700,-4.867.063,0,0,0,0,0,0,0,0,-21.097,-48.67063
PIRAPORA DO BOM JESUS,353910,GVE 10 OSASCO,PRONTO ATENDIMENTO BENEDITO ZEFERINO DA SILVA,"Av. Maria José​ de Oliveira Bueno, S/n - Vila Nova, Pirapora do Bom Jesus - SP, 06550-000",0,,1,(11) 4131-5211,,-2.339.595,-4.700.545,0,0,0,0,0,0,0,0,-23.39595,-47.00545
PIRAPOZINHO,353920,GVE 21 PRESIDENTE PRUDENTE,PRONTO ATENDIMENTO MUNICIPAL - PIRAPOZINHO,"RUA EUCLIDES DA CUNHA, Nº 191",1,Escorpiônico,1,18 – 32692609,ESCORPIÃO.,-2.227.580,-5.149.391,0,0,0,0,0,0,1,0,-22.2758,-51.49391
PIRASSUNUNGA,353930,GVE 20 PIRACICABA,SANTA CASA DE MISERICÓRDIA - PIRASSUNUNGA,"AV. NEWTON PRADO, 1883",1,"Botrópico, Crotálico, Loxoscélico, Fonêutrico eEscorpiônico.",1,(19) 3655-8100,JARARACA; CASCAVEL; ARANHA MARROM; ARANHA ARMADEIRA; ESCORPIÃO.,-2.199.628,-4.742.252,1,1,0,0,1,1,1,0,-21.99628,-47.42252
PIRATININGA,353940,GVE 15 BAURU,SANTA CASA DE PIRATININGA,"R. Anchieta, 102 - Downtown, Piratininga - SP, 17490-000",0,,1,(14) 3265-1009,,-2.241.293,-4.913.217,0,0,0,0,0,0,0,0,-22.41293,-49.13217
PITANGUEIRAS,353950,GVE 24 RIBEIRAO PRETO,SANTA CASA DE PITANGUEIRAS,"R. Iguaçu, 510 - Jardim Brasilia, Pitangueiras - SP, 14750-000",0,,1,(16) 3952-1314,,-2.101.340,-4.821.566,0,0,0,0,0,0,0,0,-21.0134,-48.21566
PLANALTO,353960,GVE 29 SAO JOSE DO RIO PRETO,CS DE PLANALTO,"Rua Luiz Americo De Freitas, 846 - Centro, Planalto - SP, 15260-000",0,,0,1836951190,,-2.103.446,-4.992.807,0,0,0,0,0,0,0,0,-21.03446,-49.92807
PLATINA,353970,GVE 13 ASSIS,CENTRO DE SAUDE DE PLATINA,"R. Sebastião Moreira da Rocha, 310, Platina - SP, 19990-041",0,,0,(18) 3354-1105,,-2.263.376,-5.020.373,0,0,0,0,0,0,0,0,-22.63376,-50.20373
POA,353980,GVE 8 MOGI DAS CRUZES,PRONTO ATENDIMENTO DR GUIDO GUIDA,"Av. Felício Marinelli, 100 - Jardim Medina, Poá - SP, 08556-200",0,,1,(11) 4636-3200,,-2.351.589,-4.634.738,0,0,0,0,0,0,0,0,-23.51589,-46.34738
POLONI,353990,GVE 29 SAO JOSE DO RIO PRETO,UNIDADE BASICA DE SAUDE DE POLONI,"R. Antônio Mendes, 140 - Santo Antonio, Poloni - SP, 15162-004",0,,0,(17) 3819-9910,,-2.078.337,-4.981.769,0,0,0,0,0,0,0,0,-20.78337,-49.81769
POMPEIA,354000,GVE 19 MARILIA,SANTA CASA POMPEIA,"R. Luís Selani Neto, 345 - Slandria, Pompéia - SP, 17580-000",0,,1,(14) 3405-2010,,-2.210.101,-5.017.728,0,0,0,0,0,0,0,0,-22.10101,-50.17728
PONGAI,354010,GVE 15 BAURU,CENTRO DE SAUDE III DE PONGAI,"Av. João Francisco Alves, 277 - Centro, Pongaí - SP, 16660-000",0,,1,(14) 3581-1130,,-2.173.807,-4.935.768,0,0,0,0,0,0,0,0,-21.73807,-49.35768
PONTAL,354020,GVE 24 RIBEIRAO PRETO,SANTA CASA DE PONTAL,"R. Ananias da Costa Freitas, 691-705 - Jardim Res., Pontal - SP, 14180-000",0,,1,(16) 3953-9100,,-2.102.829,-4.803.782,0,0,0,0,0,0,0,0,-21.02829,-48.03782
PONTALINDA,354025,GVE 30 JALES,UBS DE PONTALINDA,"AV BRASIL, 1269",0,,0,(17) 3699-1113,,-2.044.105,-5.051.902,0,0,0,0,0,0,0,0,-20.44105,-50.51902
PONTES GESTAL,354030,GVE 29 SAO JOSE DO RIO PRETO,UNIDADE BASICA DE SAUDE ARNALDO ROMANO,"R. João Araújo Teixeira, 884, Pontes Gestal - SP, 15560-000",0,,1,(17) 3844-1266,,-2.018.141,-4.970.085,0,0,0,0,0,0,0,0,-20.18141,-49.70085
POPULINA,354040,GVE 30 JALES,SANTA CASA DE POPULINA,"R. Treze de Maio, 1099 - Centro Histórico de São Paulo, Populina - SP, 15670-000",0,,1,(17) 3639-1170,,-1.994.308,-5.054.017,0,0,0,0,0,0,0,0,-19.94308,-50.54017
PORANGABA,354050,GVE 16 BOTUCATU,PRONTO ATENDIMENTO MUNICIPAL - PORANGABA,"Rua Professor Antônio Freire de Souza, 344 - Centro, Porangaba - SP, 18260-000",0,,1,(15) 3257-1450,,-2.317.658,-4.812.355,0,0,0,0,0,0,0,0,-23.17658,-48.12355
PORTO FELIZ,354060,GVE 31 SOROCABA,SANTA CASA DE PORTO FELIZ,"R. Olavo Assumpção Fleury, 101 - Centro, Porto Feliz - SP, 18540-000",0,,1,(15) 3261-8800,,-2.320.419,-4.752.481,0,0,0,0,0,0,0,0,-23.20419,-47.52481
PORTO FERREIRA,354070,GVE 12 ARARAQUARA,HOSPITAL DONA BALBINA,"R. DR. CARLINDO VALERIANI, 337",1,"Botrópico, Crotálico, Loxoscélico, Fonêutrico eEscorpiônico.",1,(19) 3589-5500,JARARACA; CASCAVEL; ARANHA MARROM; ARANHA ARMADEIRA; ESCORPIÃO.,-2.185.427,-4.748.157,1,1,0,0,1,1,1,0,-21.85427,-47.48157
POTIM,354075,GVE 33 TAUBATE,UBSF WALDEMIR JOSE PEDROSO,"R. Padre Agenor Matias Pessoa, 100, Potim - SP, 12525-298",0,,0,-,,-2.284.010,-4.525.176,0,0,0,0,0,0,0,0,-22.8401,-45.25176
POTIRENDABA,354080,GVE 29 SAO JOSE DO RIO PRETO,HOSPITAL ASSISTENCIAL MARIA CAVALOTTI NEVES POTIRENDABA,"Av. Anna J. P. García, 430 - Vila Scarpelli, Potirendaba - SP, 15105-000",0,,1,(17) 3827-8400,,-2.104.247,-4.937.659,0,0,0,0,0,0,0,0,-21.04247,-49.37659
PRACINHA,354085,GVE 19 MARILIA,UBS DE PRACINHA,"ISAAC GUIMARÃES NOVAIS, 89 - Centro, Pracinha - SP, 17790-000",0,,0,(18) 3552-1140,,-2.185.368,-5.108.541,0,0,0,0,0,0,0,0,-21.85368,-51.08541
PRADOPOLIS,354090,GVE 24 RIBEIRAO PRETO,PRONTO ATENDIMENTO MUNICIPAL VALDEMAR BALATORE,"R. Treze de Maio, 788, Pradópolis - SP, 14850-000",0,,1,(16) 3981-9500,,-2.136.439,-4.806.445,0,0,0,0,0,0,0,0,-21.36439,-48.06445
PRAIA GRANDE,354100,GVE 25 SANTOS,PS QUIETUDE,"AV. MINISTRO MARCOS FREIRE, S/N, JD. QUIETUDE",1,"Botrópico, Crotálico, Loxoscélico, Fonêutrico e Escorpiônico.",1,(13) 3471-4221,JARARACA; CASCAVEL; ARANHA MARROM; ARANHA ARMADEIRA; ESCORPIÃO.,-2.401.984,-4.647.764,1,1,0,0,1,1,1,0,-24.01984,-46.47764
PRATANIA,354105,GVE 16 BOTUCATU,CENTRO DE SAUDE BENEDITO DE SOUZA PRATANIA,"Av. Padre José Marins, Pratânia - SP, 18660-000",0,,0,(14) 3844-8210,,-2.280.940,-4.866.493,0,0,0,0,0,0,0,0,-22.8094,-48.66493
PRESIDENTE ALVES,354110,GVE 15 BAURU,UBS II DE PRESIDENTE ALVES,"R. Rui Barbosa, 45, Pres. Alves - SP, 16670-000",0,,1,(14) 3587-1459,,-2.209.933,-4.943.800,0,0,0,0,0,0,0,0,-22.09933,-49.438
PRESIDENTE BERNARDES,354120,GVE 21 PRESIDENTE PRUDENTE,HOSPITAL DE MISERICORDIA NOSSA SENHORA APARECIDA,"R. Dr. Arthur Falcone, 737 - VIL SAO VICENTE, Pres. Bernardes - SP, 19300-000",0,,1,(18) 3262-1415,,-2.200.764,-5.155.321,0,0,0,0,0,0,0,0,-22.00764,-51.55321
PRESIDENTE EPITACIO,354130,GVE 22 PRESIDENTE VENCESLAU,SANTA CASA DE MISERICÓRDIA - PRESIDENTE EPITACIO,"R. ANTONIO VENÂNCIO LOPES, Nº 09 - 52",1,"Botrópico, Crotálico, Escorpiônico e Loxoscélico, Fonêutrico.",1,(18) 3251-8010,JARARACA; CASCAVEL; ARANHA MARROM; ARANHA ARMADEIRA; ESCORPIÃO.,-2.177.395,-5.211.140,1,1,0,0,1,1,1,0,-21.77395,-52.1114
PRESIDENTE PRUDENTE,354140,GVE 21 PRESIDENTE PRUDENTE,HOSPITAL UNIVERSITÁRIO (HOSP. REGIONAL),"RUA JOSÉ BOGIOVANI, Nº 900",1,"Botrópico, Crotálico, Elapídico, Escorpiônico, Loxoscélico, Fonêutrico e Lonômico.",1,(18) 3229-1500,JARARACA; CASCAVEL; CORAL; ARANHA MARROM; ARANHA ARMADEIRA; ESCORPIÃO; LONÔMIA.,-2.213.220,-5.140.756,1,1,1,0,1,1,1,1,-22.1322,-51.40756
PRESIDENTE PRUDENTE,354140,GVE 21 PRESIDENTE PRUDENTE,SANTA CASA DE MISERICÓRDIA - PRESIDNTE PRUDENTE,"RUA VENCESLAU BRAZ, Nº 05",1,"Botrópico, Crotálico, Elapídico, Escorpiônico, Loxoscélico, Fonêutrico e Lonômico.",1,(18) 2101-8000,JARARACA; CASCAVEL; CORAL; ARANHA MARROM; ARANHA ARMADEIRA; ESCORPIÃO; LONÔMIA.,-2.212.936,-5.139.257,1,1,1,0,1,1,1,1,-22.12936,-51.39257
PRESIDENTE VENCESLAU,354150,GVE 22 PRESIDENTE VENCESLAU,SANTA CASA DE MISERICÓRDIA - PRESIDENTE VENCESLAU,RUA EMILIANO VILANOVA Nº 66,1,"Botrópico, Crotálico, Escorpiônico e Loxoscélico, Fonêutrico.",1,(18) 3271-2411,JARARACA; CASCAVEL; ARANHA MARROM; ARANHA ARMADEIRA; ESCORPIÃO.,-2.187.156,-5.184.164,1,1,0,0,1,1,1,0,-21.87156,-51.84164
PROMISSAO,354160,GVE 15 BAURU,HOSPITAL GERAL PREFEITO MIGUEL MARTIN GUALDA DE PROMISSAO,"Av. Gen. Euríco Gaspar Dutra, 620 - Centro, Promissão - SP, 16370-000",1,"Botrópico, Crotálico, Loxoscélico, Fonêutrico e Escorpiônico.",1,(14) 3541-0644,JARARACA; CASCAVEL; ARANHA MARROM; ARANHA ARMADEIRA; ESCORPIÃO.,-2.154.195,-4.986.084,1,1,0,0,1,1,1,0,-21.54195,-49.86084
QUADRA,354165,GVE 31 SOROCABA,UBS ORLANDO DE OLIVEIRA,"Rua Joaquim Paifer Sobrinho, 256 - Centro, Quadra - SP, 18255-000",0,,0,(15) 3253-9030,,-2.330.099,-4.805.840,0,0,0,0,0,0,0,0,-23.30099,-48.0584
QUATA,354170,GVE 21 PRESIDENTE PRUDENTE,PRONTO SOCORRO MUNICIPAL AGRIPINO DE OLIVEIRA LIMA FILHO,"Av. Dr. Rodolpho Sebastião Giorgi, 307, Quatá - SP, 19780-000",0,,1,(18) 3366-1075,,-2.225.141,-5.069.731,0,0,0,0,0,0,0,0,-22.25141,-50.69731
QUEIROZ,354180,GVE 19 MARILIA,UBS MARIA AFONSO DA SILVA,"R. Odilon Batista da Silva - Vila Nova, Queiroz - SP, 17590-000",0,,0,-,,-2.180.236,-5.023.923,0,0,0,0,0,0,0,0,-21.80236,-50.23923
QUELUZ,354190,GVE 33 TAUBATE,HOSPITAL MUNICIPAL DE QUELUZ,"R. Nossa Sra. de Fátima, 65, Queluz - SP, 12800-000",0,,1,(12) 3147-1560,,-2.253.855,-4.477.287,0,0,0,0,0,0,0,0,-22.53855,-44.77287
QUINTANA,354200,GVE 19 MARILIA,SANTA CASA DE QUINTANA,"Av. Santos, 417, Quintana - SP, 17670-000",0,,1,(14) 3488-1156,,-2.207.067,-5.030.658,0,0,0,0,0,0,0,0,-22.07067,-50.30658
RAFARD,354210,GVE 20 PIRACICABA,UNIDADE BASICA DE SAUDE MARIA TEREZA APPRILANTE GIMENEZ,"Avenida Dr - Av. José Soares de Faria, 452 - Popular de Rafard, Rafard - SP, 13370-000",0,,0,(19) 3496-7230,,-2.301.671,-4.752.904,0,0,0,0,0,0,0,0,-23.01671,-47.52904
RANCHARIA,354220,GVE 21 PRESIDENTE PRUDENTE,HOSPITAL E MATERNIDADE,"RUA MÁRIO CÉSAR DE CAMARGO, 1559",1,"Botrópico, Crotálico, Escorpiônico e Loxoscélico, Fonêutrico.",1,(18) 3265-1511,JARARACA; CASCAVEL; ARANHA MARROM; ARANHA ARMADEIRA; ESCORPIÃO.,-2.223.326,-5.089.682,1,1,0,0,1,1,1,0,-22.23326,-50.89682
REDENCAO DA SERRA,354230,GVE 33 TAUBATE,CENTRO DE SAUDE III DE REDENCAO DA SERRA,"R. Vinte e Oito de Agosto, 57, Redenção da Serra - SP, 12170-000",0,,0,(12) 3676-1428,,-2.328.028,-4.553.441,0,0,0,0,0,0,0,0,-23.28028,-45.53441
REGENTE FEIJO,354240,GVE 21 PRESIDENTE PRUDENTE,HOSPITAL E MATERNIDADE REGIONAL REGENTE FEIJO,"R. Brg. Tobias, 300 - Reg. Feijó, SP, 19570-000",0,,1,(18) 3279-1233,,-2.221.855,-5.130.454,0,0,0,0,0,0,0,0,-22.21855,-51.30454
REGINOPOLIS,354250,GVE 15 BAURU,CENTRO DE SAUDE III REGINOPOLIS,"AVENIDA PADRE ANCHIETA, 441",0,,1,(14) 3589-9100,,-2.189.029,-4.922.001,0,0,0,0,0,0,0,0,-21.89029,-49.22001
REGISTRO,354260,GVE 23 REGISTRO,HOSPITAL SÃO JOÃO,"RUA KIHEIJI NASUNO, 165 - CENTRO",1,"Botrópico e Loxoscélico, Fonêutrico.",1,(13) 3821-1111,JARARACA; ARANHA MARROM; ARANHA ARMADEIRA.,-2.448.701,-4.784.666,1,0,0,0,1,1,0,0,-24.48701,-47.84666
REGISTRO,354260,GVE 23 REGISTRO,HOSPITAL REGIONAL DE REGISTRO,"RODOVIA REGIS BITENCOURT, S/Nº KM499",1,"Botrópico, Crotálico, Elapídico e Lonômico",1,(13) 3500-8944,JARARACA; CASCAVEL; CORAL; LONÔMIA.,-2.453.032,-4.785.628,1,1,1,0,0,0,0,1,-24.53032,-47.85628
REGISTRO,354260,GVE 23 REGISTRO,UNIDADE DE PRONTO ATENDIMENTO,"AVENIDA NELSON BRIHI BADUR, 605 - VILA SÃO NICOLAU",1,Escorpiônico,1,(13) 3821-3155,ESCORPIÃO.,-2.450.316,-4.785.297,0,0,0,0,0,0,1,0,-24.50316,-47.85297
RESTINGA,354270,GVE 18 FRANCA,CS III RESTINGA,"R. Olívia Martins Ferreira, 620, Restinga - SP, 14430-000",0,,1,(16) 3143-1109,,-2.060.280,-4.748.046,0,0,0,0,0,0,0,0,-20.6028,-47.48046
RIBEIRA,354280,GVE 32 ITAPEVA,UNIDADE DE PRONTO ATENDIMENTO UPA,"R. Frederico Dias Batista, 306 - Centro, Ribeira - SP, 18380-000",0,,1,(15) 3555-1177,,-2.465.881,-4.900.910,0,0,0,0,0,0,0,0,-24.65881,-49.0091
RIBEIRAO BONITO,354290,GVE 12 ARARAQUARA,SANTA CASA DE MISERICORDIA RIBEIRAO BONITO,"R. Hortência, 120 - Jardim Primavera, Ribeirão Bonito - SP, 13580-000",0,,1,(16) 3344-1744,,-2.207.262,-4.817.681,0,0,0,0,0,0,0,0,-22.07262,-48.17681
RIBEIRAO BRANCO,354300,GVE 32 ITAPEVA,HOSP. MUNICIPAL MARIA ROSA CARDOSO,"RUA CAPITÃO ELIAS PEREIRA, Nº1.245",1,"Botrópico, Crotálico, Escorpiônico e Loxoscélico, Fonêutrico.",1,(15) 3553-1144 E (15) 99716-4744,JARARACA; CASCAVEL; ARANHA MARROM; ARANHA ARMADEIRA; ESCORPIÃO.,-2.422.585,-4.876.798,1,1,0,0,1,1,1,0,-24.22585,-48.76798
RIBEIRAO CORRENTE,354310,GVE 18 FRANCA,UBS RIBEIRAO CORRENTE,"Rua Joaquim Policarpo da Silva, 1250, Ribeirão Corrente - SP, 14445-000",0,,0,(16) 3749-1192,,-2.046.188,-4.758.891,0,0,0,0,0,0,0,0,-20.46188,-47.58891
RIBEIRAO DO SUL,354320,GVE 13 ASSIS,CENTRO DE SAUDE DE RIBEIRAO DO SUL REMEDIOS BERTOLLI,"R. Antônio da Palma, 201, Ribeirão do Sul - SP, 19930-000",0,,1,(14) 3379-1152,,-2.278.514,-4.993.214,0,0,0,0,0,0,0,0,-22.78514,-49.93214
RIBEIRAO DOS INDIOS,354323,GVE 21 PRESIDENTE PRUDENTE,UBS II DO RIBEIRAO DOS INDIOS,"Rua João Defende, 95 - Centro, Ribeirão dos Índios - SP, 19380-000",0,,0,(18) 3261-6124,,-2.183.607,-5.160.295,0,0,0,0,0,0,0,0,-21.83607,-51.60295
RIBEIRAO GRANDE,354325,GVE 31 SOROCABA,UNIDADE DE SAUDE DA FAMILIA RIBEIRAO GRANDE,"R. Joaquim da Cruz, 130 - Centro, Ribeirão Grande - SP, 18315-000",0,,0,(15) 3554-1109,,-2.409.759,-4.836.232,0,0,0,0,0,0,0,0,-24.09759,-48.36232
RIBEIRAO PIRES,354330,GVE 7 SANTO ANDRE,HOSPITAL RIBEIRAO PIRES,"R. Dr. Nicolau Assef, 52 - Centro Alto, Ribeirão Pires - SP, 09424-070",0,,1,(11) 4827-1000,,-2.371.362,-4.642.023,0,0,0,0,0,0,0,0,-23.71362,-46.42023
RIBEIRAO PRETO,354340,GVE 24 RIBEIRAO PRETO,HOSP. CLÍNICAS FMRP - USP,"RUA BERNARDINO DE CAMPOS, 1.000, CENTRO",1,"Botrópico, Crotálico, Elapídico, Escorpiônico, Loxoscélico, Fonêutrico e Lonômico.",1,(16) 3602-1190 / 1149,JARARACA; CASCAVEL; CORAL; ARANHA MARROM; ARANHA ARMADEIRA; ESCORPIÃO; LONÔMIA.,-2.116.241,-4.785.371,1,1,1,0,1,1,1,1,-21.16241,-47.85371
RIFAINA,354360,GVE 18 FRANCA,CS DE RIFAINA,"R. Moacir Vedovato, 23, Rifaina - SP, 14490-000",0,,0,(16) 3135-1174,,-2.008.202,-4.742.951,0,0,0,0,0,0,0,0,-20.08202,-47.42951
RINCAO,354370,GVE 12 ARARAQUARA,PRONTO SOCORRO MUNICIPAL RINCAO,"Av. Prudente de Morais, 126-192, Rincão - SP, 14830-000",0,,1,(16) 3395-1256,,-2.158.732,-4.807.277,0,0,0,0,0,0,0,0,-21.58732,-48.07277
RINOPOLIS,354380,GVE 19 MARILIA,HOSPITAL SAO PAULO DE RINOPOLIS,"R. Francisco L Munhoz, Rinópolis - SP, 17740-000",0,,1,(18) 3583-1281,,-2.172.988,-5.072.635,0,0,0,0,0,0,0,0,-21.72988,-50.72635
RIO CLARO,354390,GVE 20 PIRACICABA,UNIDADE DE URGÊNCIA E EMERGÊNCIA NOSSA SENHORA DE LOURDES,"AV. 15, Nº 297",1,"Botrópico, Crotálico, Loxoscélico, Fonêutrico e Escorpiônico.",1,(19) 3533-5484,JARARACA; CASCAVEL; ARANHA MARROM; ARANHA ARMADEIRA; ESCORPIÃO.,-2.241.558,-4.755.711,1,1,0,0,1,1,1,0,-22.41558,-47.55711
RIO DAS PEDRAS,354400,GVE 20 PIRACICABA,HOSPITAL SAO VICENTE DE PAULO,"R. São Vicente de Paula, 60 - CENTRO, Rio das Pedras - SP, 13390-000",0,,1,(19) 3493-6482,,-2.284.716,-4.760.822,0,0,0,0,0,0,0,0,-22.84716,-47.60822
RIO GRANDE DA SERRA,354410,GVE 7 SANTO ANDRE,UBS CENTRAL DE RIO GRANDE DA SERRA,"Rua Prefeito Cido Franco, 500 - Jardim Maria Paula, Rio Grande da Serra - SP, 09450-000",0,,0,(11) 4820-8020,,-2.374.218,-4.639.630,0,0,0,0,0,0,0,0,-23.74218,-46.3963
RIOLANDIA,354420,GVE 29 SAO JOSE DO RIO PRETO,SANTA CASA DE MISERICÓRDIA - RIOLANDIA,RUA 10 S/N,1,Escorpiônico,1,(17) 3291-1588,ESCORPIÃO.,-1.998.193,-4.967.779,0,0,0,0,0,0,1,0,-19.98193,-49.67779
RIVERSUL,354350,GVE 32 ITAPEVA,PRONTO ATENDIMENTO MUNICIPAL RIVERSUL,"R. Elvira Biglia, 11 - SP",0,,1,(15) 0571-1534,,-2.383.263,-4.943.077,0,0,0,0,0,0,0,0,-23.83263,-49.43077
ROSANA,354425,GVE 22 PRESIDENTE VENCESLAU,HOSPITAL REGIONAL DE PORTO PRIMAVERA,"RUA DO HOSPITAL, S/N",1,"Botrópico, Crotálico, Escorpiônico e Loxoscélico, Fonêutrico.",1,(18) 3284-9500,JARARACA; CASCAVEL; ARANHA MARROM; ARANHA ARMADEIRA; ESCORPIÃO.,-2.253.027,-5.295.003,1,1,0,0,1,1,1,0,-22.53027,-52.95003
ROSEIRA,354430,GVE 33 TAUBATE,UNIDADE MISTA DE SAUDE DE ROSEIRA DR PAULO GUIMARAES CASTRO,"R. Roque Viêira, Roseira - SP, 12580-000",0,,0,(12) 3646-9440,,-2.289.924,-4.530.368,0,0,0,0,0,0,0,0,-22.89924,-45.30368
RUBIACEA,354440,GVE 11 ARACATUBA,UBS III DE RUBIACEA,"R. Francisco de Paula Leite, 208, Rubiácea - SP, 16750-000",0,,0,(18) 3697-1128,,-2.130.050,-5.073.129,0,0,0,0,0,0,0,0,-21.3005,-50.73129
RUBINEIA,354450,GVE 30 JALES,CS DE RUBINEIA,"Av. Olavo Bilac, 791 - Rubinéia, SP, 15790-000",0,,0,(17) 3661-1399,,-2.017.218,-5.099.863,0,0,0,0,0,0,0,0,-20.17218,-50.99863
SABINO,354460,GVE 15 BAURU,CS III DE SABINO,"Av. Paes Leme, 735, Sabino - SP, 16440-000",0,,1,(14) 3546-9101,,-2.145.949,-4.958.021,0,0,0,0,0,0,0,0,-21.45949,-49.58021
SAGRES,354470,GVE 19 MARILIA,USF DE SAGRES,"R. Ver. Francisco Pereira, 340 - Centro, Sagres - SP, 17710-000",0,,0,-,,-2.188.374,-5.095.570,0,0,0,0,0,0,0,0,-21.88374,-50.9557
SALES,354480,GVE 29 SAO JOSE DO RIO PRETO,UBS APARECIDA ALVES GOMES GORNI,"R. Gabriel Assad, Sales - SP, 14980-000",0,,1,-,,-2.133.851,-4.949.355,0,0,0,0,0,0,0,0,-21.33851,-49.49355
SALES OLIVEIRA,354490,GVE 18 FRANCA,HOSPITAL SANTA RITA DE SALES OLIVEIRA,"R. Sete de Setembro, 589 - Centro, Sales Oliveira - SP, 14660-000",0,,1,(16) 3852-9999,,-2.077.149,-4.783.557,0,0,0,0,0,0,0,0,-20.77149,-47.83557
SALESOPOLIS,354500,GVE 8 MOGI DAS CRUZES,SANTA CASA DE MISERICÓRDIA - SALESOPOLIS,"RUA PRAÇA JOÃO MENDES,31",1,"Botrópico, Crotálico, Loxoscélico, Fonêutrico,  Escorpiônico e Lonômico.",1,(11) 4696-1411,JARARACA; CASCAVEL; ARANHA MARROM; ARANHA ARMADEIRA; ESCORPIÃO; LONÔMIA.,-2.353.236,-4.584.589,1,1,0,0,1,1,1,1,-23.53236,-45.84589
SALMOURAO,354510,GVE 19 MARILIA,UBS DE SALMOURAO ARNALDO RABASSI,"R. Moacir dos Réis, 495 - Centro, Salmourão - SP, 17720-000",0,,0,(18) 3557-1149,,-2.162.086,-5.086.331,0,0,0,0,0,0,0,0,-21.62086,-50.86331
SALTINHO,354515,GVE 20 PIRACICABA,UNIDADE BASICA DE SAUDE DE SALTINHO,"R. Prof. Paulo da Silva Coelho, 637 - Centro, Saltinho - SP, 13440-000",0,,1,(19) 3439-7710,,-2.284.377,-4.767.690,0,0,0,0,0,0,0,0,-22.84377,-47.6769
SALTO,354520,GVE 31 SOROCABA,HOSPITAL E MATERNIDADE MUNICIPAL NOSSA SENHORA DO MONTE SERRAT,"R. Europa, 1575 - Jardim Celani, Salto - SP, 13326-110",0,,1,(11) 4602-9000,,-2.319.101,-4.731.159,0,0,0,0,0,0,0,0,-23.19101,-47.31159
SALTO DE PIRAPORA,354530,GVE 31 SOROCABA,SANTA CASA SALTO DE PIRAPORA,"Av. Carlos Chagas, 67 - Centro, Salto de Pirapora - SP, 18160-000",0,,1,(15) 3491-9211,,-2.365.574,-4.757.417,0,0,0,0,0,0,0,0,-23.65574,-47.57417
SALTO GRANDE,354540,GVE 13 ASSIS,SANTA CASA DE SALTO GRANDE,"R. Olímpio Pímentel, 2, Salto Grande - SP, 19920-000",0,,1,(14) 3378-1144,,-2.288.695,-4.998.464,0,0,0,0,0,0,0,0,-22.88695,-49.98464
SANDOVALINA,354550,GVE 21 PRESIDENTE PRUDENTE,UNIDADE BASICA DE SAUDE II SANDOVALINA,"R. Antônio Soares Paiva, 136-266, Sandovalina - SP, 19250-000",0,,0,(18) 3277-1105,,-2.245.554,-5.176.266,0,0,0,0,0,0,0,0,-22.45554,-51.76266
SANTA ADELIA,354560,GVE 29 SAO JOSE DO RIO PRETO,SANTA CASA DE SANTA ADELIA,"Av. Duque de Caxias, 168 - Vila Toninho, Santa Adélia - SP, 15950-000",0,,1,(17) 3571-2233,,-2.124.589,-4.880.797,0,0,0,0,0,0,0,0,-21.24589,-48.80797
SANTA ALBERTINA,354570,GVE 30 JALES,PRONTO SOCORRO DE SANTA ALBERTINA,"Rua Marcos Roque, 905 - Centro, Santa Albertina - SP, 15750-000",0,,1,(17) 0633-1289,,-2.003.554,-5.072.394,0,0,0,0,0,0,0,0,-20.03554,-50.72394
SANTA BARBARA DOESTE,354580,GVE 17 CAMPINAS,PRONTO SOCORRO ÉDSON MANO,"RUA ALICE ARANHA DE OLIVEIRA, 45 – VILA MARIA",1,"Escorpiônico e Loxoscélico, Fonêutrico.",1,(19) 3464-9210,ARANHA MARROM; ARANHA ARMADEIRA; ESCORPIÃO.,-2.275.352,-4.741.912,0,0,0,0,1,1,1,0,-22.75352,-47.41912
SANTA BRANCA,354600,GVE 27 SAO JOSE DOS CAMPOS,PRONTO ATENDIMENTO MUNICIPAL - SANTA BRANCA,"Praça Rui Barbosa, 109 - Centro, Santa Branca - SP, 12380-000",0,,1,(12) 3972-4400,,-2.339.895,-4.588.722,0,0,0,0,0,0,0,0,-23.39895,-45.88722
SANTA CLARA DOESTE,354610,GVE 30 JALES,CS DE SANTA CLARA DOESTE,"R. Antônio Facincani, 205, Santa Clara d'Oeste - SP, 15785-000",0,,0,(17) 3663-1109,,-2.009.240,-5.092.806,0,0,0,0,0,0,0,0,-20.0924,-50.92806
SANTA CRUZ DA CONCEICAO,354620,GVE 20 PIRACICABA,UBS DR JOSE TADEU MOURAO,"R. Ver. Gabriel Francisco, 370 - Centro, Santa Cruz da Conceição - SP, 13625-000",0,,0,(19) 3567-1286,,-2.213.854,-4.745.285,0,0,0,0,0,0,0,0,-22.13854,-47.45285
SANTA CRUZ DA ESPERANCA,354625,GVE 24 RIBEIRAO PRETO,UBS ORLANDA ARAUJO DA SILVA SCE,"R. Gilberto Rodrigues Xavier, 70, Santa Cruz da Esperança - SP, 14250-000",0,,0,(16) 3666-1179,,-2.129.360,-4.742.718,0,0,0,0,0,0,0,0,-21.2936,-47.42718
SANTA CRUZ DAS PALMEIRAS,354630,GVE 26 SAO JOAO DA BOA VISTA,"POSTO DE ATENDIMENTO IMEDIATO ""DR. JOSÉ ZENEDIN","RUA JOVINO MARTINS DA SILVA, 192. JD. SÃO CARLOS",1,"Botrópico, Crotálico, Escorpiônico, Fonêutrico e Loxoscélico.",1,(19) 3672-9069,JARARACA; CASCAVEL; ESCORPIÃO; ARANHA MARROM; ARANHA ARMADEIRA.,-2.182.110,-4.725.945,1,1,0,0,1,1,1,0,-21.8211,-47.25945
SANTA CRUZ DO RIO PARDO,354640,GVE 13 ASSIS,SANTA CASA DE SANTA CRUZ DO RIO PARDO,"AV. DR. CIRO DE MELLO CAMARINHA 530, CENTRO",1,"Botrópico, Crotálico, Loxoscélico, Fonêutrico e Escorpiônico.",1,(14) 3322-1222,JARARACA; CASCAVEL; ARANHA MARROM; ARANHA ARMADEIRA; ESCORPIÃO.,-2.290.129,-4.962.699,1,1,0,0,1,1,1,0,-22.90129,-49.62699
SANTA ERNESTINA,354650,GVE 12 ARARAQUARA,CENTRO DE SAUDE III SANTA ERNESTINA,"R. João Batista Caporici, Caporicci, 264, Santa Ernestina - SP, 15970-000",0,,1,(16) 3256-9999,,-2.145.984,-4.839.032,0,0,0,0,0,0,0,0,-21.45984,-48.39032
SANTA FE DO SUL,354660,GVE 30 JALES,UNIDADE DE PRONTO ATENDIMENTO (UPA) DE SANTA FÉ DO SUL,RUA 01 N 800 -CENTRO,1,"Botrópico, Crotálico, Escorpiônico e Loxoscélico, Fonêutrico.",1,(17) 3631-1014,JARARACA; CASCAVEL; ARANHA MARROM; ARANHA ARMADEIRA; ESCORPIÃO.,-2.021.451,-5.092.843,1,1,0,0,1,1,1,0,-20.21451,-50.92843
SANTA GERTRUDES,354670,GVE 20 PIRACICABA,HOSPITAL E MATERNIDADE SANTA FRANCISCA STA GERTRUDES,"R. 6, 310 - Centro, Santa Gertrudes - SP, 13510-000",0,,1,(19) 3545-1126,,-2.245.749,-4.753.206,0,0,0,0,0,0,0,0,-22.45749,-47.53206
SANTA ISABEL,354680,GVE 8 MOGI DAS CRUZES,UPA- UNIDADE DE PRONTO ATENDIMENTO SANTA ISABEL,"RUA PRESID. CASTELO BRANCO, 320 - BROTAS - SANTA ISABEL",1,"Botrópico, Crotálico, Loxoscélico, Fonêutrico, Escorpiônico e Lonômico.",1,(11) 4656-81504,JARARACA; CASCAVEL; ARANHA MARROM; ARANHA ARMADEIRA; ESCORPIÃO; LONÔMIA.,-2.330.839,-4.623.102,1,1,0,0,1,1,1,1,-23.30839,-46.23102
SANTA LUCIA,354690,GVE 12 ARARAQUARA,PRONTO SOCORRO MUNICIPAL SANTA LUCIA,"R. Cel. Luís Pinto, 170 - Centro, Santa Lúcia - SP, 14825-000",0,,1,(16) 3396-9603,,-2.168.658,-4.808.427,0,0,0,0,0,0,0,0,-21.68658,-48.08427
SANTA MARIA DA SERRA,354700,GVE 20 PIRACICABA,HOSPITAL MUNICIPAL JORGE CURY DE SANTA MARIA DA SERRA,"R. Feliciano de Oliveira Dorta - Centro, Santa Maria da Serra - SP, 17370-029",0,,1,(19) 3487-1266,,-2.256.725,-4.815.956,0,0,0,0,0,0,0,0,-22.56725,-48.15956
SANTA MERCEDES,354710,GVE 22 PRESIDENTE VENCESLAU,CENTRO DE SAUDE III SARAH ANTONIO DE SOUZA,"R. Duque de Caxias, 860 - Centro, Santa Mercedes - SP, 17940-000",0,,0,(18) 3875-1253,,-2.135.215,-5.175.130,0,0,0,0,0,0,0,0,-21.35215,-51.7513
SANTA RITA DO PASSA QUATRO,354750,GVE 24 RIBEIRAO PRETO,SANTA CASA DE SANTA RITA DO PASSA QUATRO,"RUA INÁCIO RIBEIRO, 279, CENTRO",1,"Botrópico, Crotálico e Escorpiônico.",1,(19) 3582-9555,JARARACA; CASCAVEL; ESCORPIÃO.,-2.171.115,-4.747.995,1,1,0,0,0,0,1,0,-21.71115,-47.47995
SANTA RITA DOESTE,354740,GVE 30 JALES,CS DE SANTA RITA DOESTE,"R. Teodomiro Alves Corrêa, 71 - Centro, Santa Rita d'Oeste - SP, 15780-000",0,,0,(17) 3643-1127,,-2.014.603,-5.083.294,0,0,0,0,0,0,0,0,-20.14603,-50.83294
SANTA ROSA DE VITERBO,354760,GVE 24 RIBEIRAO PRETO,SANTA CASA DE SANTA ROSA DE VITERBO,"R. Dr. Henrique Dumont, 582 - Centro, Santa Rosa de Viterbo - SP, 14270-000",0,,1,(16) 3954-8020,,-2.147.558,-4.736.420,0,0,0,0,0,0,0,0,-21.47558,-47.3642
SANTA SALETE,354765,GVE 30 JALES,UBS DE SANTA SALETE,"Rua Ayrton Senna, 100, Santa Salete - SP, 15768-000",0,,0,(17) 3662-6129,,-2.024.647,-5.068.766,0,0,0,0,0,0,0,0,-20.24647,-50.68766
SANTANA DA PONTE PENSA,354720,GVE 30 JALES,CS DE SANTANA DA PONTE PENSA,"Av. São Joaquim, 568, Santana da Ponte Pensa - SP, 15765-000",0,,0,(17) 3692-1152,,-2.025.627,-5.079.983,0,0,0,0,0,0,0,0,-20.25627,-50.79983
SANTANA DE PARNAIBA,354730,GVE 10 OSASCO,HOSPITAL E MATERNIDADE MUNICIPAL SANTA ANA,"R. Prof. Edgar de Moraes, 707 - Campo da Vila, Santana de Parnaíba - SP, 06502-165",0,,1,(11) 4622-8750,,-2.344.245,-4.692.509,0,0,0,0,0,0,0,0,-23.44245,-46.92509
SANTO ANASTACIO,354770,GVE 21 PRESIDENTE PRUDENTE,HOSPITAL DE CARIDADE ANITA COSTA,"PRAÇA DR. LUIZ RAMOS E SILVA, Nº 328",1,"Botrópico, Crotálico, Escorpiônico e Loxoscélico, Fonêutrico.",1,(18) 3263-1155,JARARACA; CASCAVEL; ARANHA MARROM; ARANHA ARMADEIRA; ESCORPIÃO.,-2.197.628,-5.165.133,1,1,0,0,1,1,1,0,-21.97628,-51.65133
SANTO ANDRE,354780,GVE 7 SANTO ANDRE,HOSPITAL ESTADUAL MARIO COVAS DE SANTO ANDRE,"R. Dr. Henrique Calderazzo, 321 - Paraíso, Santo André - SP, 09190-615",0,,1,(11) 2829-5000,,-2.367.087,-4.653.316,0,0,0,0,0,0,0,0,-23.67087,-46.53316
SANTO ANTONIO DA ALEGRIA,354790,GVE 24 RIBEIRAO PRETO,UNIDADE MISTA DE SANTO ANTONIO DA ALEGRIA,"Marechal Deodoro ,SN Centro, Santo Antônio da Alegria - SP, 14390-000",0,,1,(16) 3668-1125,,-2.108.923,-4.715.088,0,0,0,0,0,0,0,0,-21.08923,-47.15088
SANTO ANTONIO DA POSSE,354800,GVE 17 CAMPINAS,PRONTO ATENDIMENTO SANTO ANTONIO DE POSSE,"R. Joaquim de Barros Aranha, 112, Santo Antônio de Posse - SP, 13830-000",0,,1,(19) 3896-9500,,-2.260.701,-4.691.893,0,0,0,0,0,0,0,0,-22.60701,-46.91893
SANTO ANTONIO DO ARACANGUA,354805,GVE 11 ARACATUBA,CENTRO DE SAÚDE II - STO. ANT. DO ARACANGUÁ,"AVENIDA DOS EUGENIOS, 451, JD. TRIANGULO",1,Escorpiônico.,1,(18) 3639-9595,ESCORPIÃO.,-2.093.162,-5.049.647,0,0,0,0,0,0,1,0,-20.93162,-50.49647
SANTO ANTONIO DO JARDIM,354810,GVE 26 SAO JOAO DA BOA VISTA,UNIDADE BASICA DE SAUDE FARMACEUTICO RAUL COSTA CAMARA,"Rua José Justino de Oliveira, 105 - Centro, Santo Antônio do Jardim - SP CEP, 13997-023",0,,0,(19) 3654-1364,,-2.211.331,-4.668.554,0,0,0,0,0,0,0,0,-22.11331,-46.68554
SANTO ANTONIO DO PINHAL,354820,GVE 33 TAUBATE,UNIDADE MUNICIPAL DE SAUDE -  SANTO ANTONIO DO PINHAL,"Av. Min. Nelson Hungria, 622 - CENTRO, Santo Antônio do Pinhal - SP, 12450-000",0,,1,(12) 3666-1119,,-2.282.455,-4.566.763,0,0,0,0,0,0,0,0,-22.82455,-45.66763
SANTO EXPEDITO,354830,GVE 21 PRESIDENTE PRUDENTE,UBS EULINA RAMOS PASSOS SANTO EXPEDITO,"Rua Dr Armando Novais Junior, 208 - Centro, Santo Expedito - SP, 19190-000",0,,0,(18) 3267-1116,,-2.185.091,-5.139.355,0,0,0,0,0,0,0,0,-21.85091,-51.39355
SANTOPOLIS DO AGUAPEI,354840,GVE 11 ARACATUBA,CS III SANTOPOLIS DO AGUAPEI,"R. Teolino José Correia, Santópolis do Aguapeí - SP, 16240-000",0,,1,(18) 3605-1260,,-2.163.713,-5.050.182,0,0,0,0,0,0,0,0,-21.63713,-50.50182
SANTOS,354850,GVE 25 SANTOS,HOSPITAL GUILHERME ÁLVARO - SANTOS,R. OSWALDO CRUZ Nº197,1,"Botrópico, Crotálico, Elapídico, Escorpiônico, Loxoscélico, Fonêutrico e Lonômico.",1,(13) 3202-1300,JARARACA; CASCAVEL; CORAL; ARANHA MARROM; ARANHA ARMADEIRA; ESCORPIÃO; LONÔMIA.,-2.396.325,-4.631.959,1,1,1,0,1,1,1,1,-23.96325,-46.31959
SAO BENTO DO SAPUCAI,354860,GVE 33 TAUBATE,PRONTO SOCORRO MUNICIPAL - SAO BENTO DO SAPUCAI,"PRAÇA GENERAL MARCONDES SALGADO, 34 CENTRO",1,"Botrópico, Crotálico, Escorpiônico e Loxoscélico, Fonêutrico.",1,(12) 3971-7000,JARARACA; CASCAVEL; ARANHA MARROM; ARANHA ARMADEIRA; ESCORPIÃO.,-2.268.695,-4.573.040,1,1,0,0,1,1,1,0,-22.68695,-45.7304
SAO BERNARDO DO CAMPO,354870,GVE 7 SANTO ANDRE,HOSPITAL DE URGÊNCIA - S.B. DO CAMPO,"R. JOAQUIM NABUCO, 380 - CENTRO, CEP: 09720-375",1,Escorpiônico,1,(11) 2630-9827 / 9824 /966051801,ESCORPIÃO.,-2.371.583,-4.655.484,0,0,0,0,0,0,1,0,-23.71583,-46.55484
SAO CAETANO DO SUL,354880,GVE 7 SANTO ANDRE,HOSPITAL MUNICIPAL DE EMERGENCIAS ALBERT SABIN,"R. Aurélia, 101 - Santa Paula, São Caetano do Sul - SP, 09551-340",0,,1,(11) 4233-7500,,-2.361.781,-4.655.659,0,0,0,0,0,0,0,0,-23.61781,-46.55659
SAO CARLOS,354890,GVE 12 ARARAQUARA,IRMANDADE SANTA CASA - SAO CARLOS,"R. PAULINO BOTELHO DE ABREU SAMPAIO, 573",1,"Botrópico, Crotálico, Escorpiônico, Loxoscélico, Fonêutrico e Lonômico.",1,(16) 3509-1100,JARARACA; CASCAVEL; CORAL; ARANHA MARROM; ARANHA ARMADEIRA; ESCORPIÃO; LONÔMIA.,-2.201.101,-4.790.123,1,1,0,0,1,1,1,1,-22.01101,-47.90123
SAO FRANCISCO,354900,GVE 30 JALES,UNIDADE BASICA DE SAUDE E S F DE SAO FRANCISCO,"Rua São Paulo, 634, São Francisco - SP, 15710-000",0,,0,(17) 3693-1124,,-2.035.911,-5.069.682,0,0,0,0,0,0,0,0,-20.35911,-50.69682
SAO JOAO DA BOA VISTA,354910,GVE 26 SAO JOAO DA BOA VISTA,SANTA CASA D. CAROLINA MALHEIROS,"R. CAROLINA MALHEIROS, 92",1,"Botrópico, Crotálico, Elapídico, Escorpiônico, Loxoscélico, Fonêutrico e Lonômico.",1,(19) 3633-2222,JARARACA; CASCAVEL; CORAL; ARANHA MARROM; ARANHA ARMADEIRA; ESCORPIÃO; LONÔMIA.,-2.198.180,-4.679.534,1,1,1,0,1,1,1,1,-21.9818,-46.79534
SAO JOAO DAS DUAS PONTES,354920,GVE 30 JALES,UBS DE SAO JOAO DAS DUAS PONTES,"R. São Paulo, 545, São João das Duas Pontes - SP, 15640-000",0,,0,(17) 3481-1539,,-2.038.802,-5.037.852,0,0,0,0,0,0,0,0,-20.38802,-50.37852
SAO JOAO DE IRACEMA,354925,GVE 30 JALES,UBSF II IDA FRANCISQUINI,"R. Dep. Ulisses Guimarães, 381, São João de Iracema - SP, 15315-000",0,,0,(17) 3875-6301,,-2.051.262,-5.035.479,0,0,0,0,0,0,0,0,-20.51262,-50.35479
SAO JOAO DO PAU DALHO,354930,GVE 22 PRESIDENTE VENCESLAU,CENTRO DE SAUDE III SAO JOAO DO PAU DALHO,"Av. Gov. Carvalho Pinto, 381 - Centro, São João do Pau d'Alho - SP, 17970-000",0,,0,(18) 3857-1277,,-2.126.894,-5.166.589,0,0,0,0,0,0,0,0,-21.26894,-51.66589
SAO JOAQUIM DA BARRA,354940,GVE 18 FRANCA,SANTA CASA DE MISERICÓRDIA - SAO JOAQUIM DA BARRA,"R. PIRATININGA, 1221",1,"Botrópico, Crotálico, Loxoscélico, Fonêutrico e Escorpiônico.",1,(16) 3810-4000,JARARACA; CASCAVEL; ARANHA MARROM; ARANHA ARMADEIRA; ESCORPIÃO.,-2.058.700,-4.786.199,1,1,0,0,1,1,1,0,-20.587,-47.86199
SAO JOSE DA BELA VISTA,354950,GVE 18 FRANCA,HOSPITAL SANTA CASA SAO JOSE DA BELA VISTA,"R. Cap. Anselmo Diniz, 1245-1313, São José da Bela Vista - SP, 14440-000",0,,1,(16) 3142-1247,,-2.059.174,-4.763.843,0,0,0,0,0,0,0,0,-20.59174,-47.63843
SAO JOSE DO BARREIRO,354960,GVE 33 TAUBATE,UNIDADE MISTA DE SAÚDE DR. ACÁCIO,"RUA JOSÉ BENTO TEIXEIRA, S/N° - CENTRO",1,"Botrópico, Crotálico, Escorpiônico e Loxoscélico, Fonêutrico.",1,(12) 3117-1339,JARARACA; CASCAVEL; ARANHA MARROM; ARANHA ARMADEIRA; ESCORPIÃO.,-2.264.783,-4.457.584,1,1,0,0,1,1,1,0,-22.64783,-44.57584
SAO JOSE DO RIO PARDO,354970,GVE 26 SAO JOAO DA BOA VISTA,SANTA CASA DE MISERICÓRDIA - SAO JOSE DO RIO PARDO,"RUA: CAMPOS SALLES, 1411",1,"Botrópico, Crotálico, Escorpiônico, Loxoscélico, Fonêutrico e Lonômico.",1,(19) 3682-7826 / 3608-7484,JARARACA; CASCAVEL; ARANHA MARROM; ARANHA ARMADEIRA; ESCORPIÃO; LONÔMIA.,-2.160.370,-4.689.484,1,1,0,0,1,1,1,1,-21.6037,-46.89484
SAO JOSE DO RIO PRETO,354980,GVE 29 SAO JOSE DO RIO PRETO,HOSPITAL DE BASE DE SAO JOSE DO RIO PRETO,AV. BRIGADEIRO FARIA LIMA 5544,1,"Botrópico, Crotálico, Elapídico, Escorpiônico, Loxoscélico, Fonêutrico e Lonômico.",1,(17) 3201-5000,JARARACA; CASCAVEL; CORAL; LAQUÉTICO; ARANHA MARROM; ARANHA ARMADEIRA; ESCORPIÃO; LONÔMIA.,-2.082.807,-4.939.766,1,1,1,0,1,1,1,1,-20.82807,-49.39766
SAO JOSE DO RIO PRETO,354980,GVE 29 SAO JOSE DO RIO PRETO,UPA NORTE,"R. MANOEL MORENO, 130 - JARDIM ANTUNES, SÃO JOSÉ DO RIO PRETO - SP.",1,Escorpiônico,1,(17) 3237-5316,ESCORPIÃO.,-2.077.757,-4.940.326,0,0,0,0,0,0,1,0,-20.77757,-49.40326
SAO JOSE DO RIO PRETO,354980,GVE 29 SAO JOSE DO RIO PRETO,UPA JAGUARÉ,"AV. DANILO GALEAZZI, 2450 - PARQUE JAGUARÉ, SÃO JOSÉ DO RIO PRETO - SP",1,Escorpiônico,1,(17) 3215-6835,ESCORPIÃO.,-2.077.718,-4.936.635,0,0,0,0,0,0,1,0,-20.77718,-49.36635
SAO JOSE DOS CAMPOS,354990,GVE 27 SAO JOSE DOS CAMPOS,HOSPITAL DE BASE DE SAO JOSE DOS CAMPOS,AV. BRIGADEIRO FARIA LIMA 5544,1,"Botrópico, Crotálico, Elapídico, Laquético, Escorpiônico, Loxoscélico, Fonêutrico e Lonômico.",1,(17) 3201-5000,,-2.082.812,-4.939.762,1,1,1,1,1,1,1,1,-20.82812,-49.39762
SAO JOSE DOS CAMPOS,354990,GVE 27 SAO JOSE DOS CAMPOS,HOSPITAL MUNICIPAL DR JOSÉ DE CARVALHO FLORENCE,"RUA SAIGIRO NAKAMURA, 800 - VILA INDUSTRIAL",1,"Botrópico, Crotálico, Elapídico, Loxoscélico, Fonêutrico e Escorpiônico.",1,(12) 3901-34003,JARARACA; CASCAVEL; CORAL; ARANHA MARROM; ARANHA ARMADEIRA; ESCORPIÃO; LONÔMIA,-2.318.011,-4.585.350,1,1,1,0,1,1,1,0,-23.18011,-45.8535
SAO JOSE DOS CAMPOS,354990,GVE 27 SAO JOSE DOS CAMPOS,UPA SÃO FRANCISCO XAVIER,RUA QUINZE DE NOVEMBRO S/N,1,"Botrópico, Crotálico, Loxoscélico, Fonêutrico e Escorpiônico.",1,(12) 3926-1265,JARARACA; CASCAVEL; ARANHA MARROM; ARANHA ARMADEIRA; ESCORPIÃO.,-2.291.098,-4.594.987,1,1,0,0,1,1,1,0,-22.91098,-45.94987
SAO JOSE DOS CAMPOS,354990,GVE 27 SAO JOSE DOS CAMPOS,HOSPITAL DE CLÍNICAS SUL,"PRAÇA NATAL, 55 PARQUE INDUSTRIAL",1,Escorpiônico,1,(12) 3935-8100,ESCORPIÃO.,-2.323.785,-4.590.892,0,0,0,0,0,0,1,0,-23.23785,-45.90892
SAO LOURENCO DA SERRA,354995,GVE 10 OSASCO,PRONTO ATENDIMENTO JOSE PINTO RIBEIRO,"Praça 10 de Agosto, 93 - Centro, São Lourenço da Serra - SP, 06890-000",0,,1,(11) 4686-1198,,-2.385.209,-4.694.350,0,0,0,0,0,0,0,0,-23.85209,-46.9435
SAO LUIS DO PARAITINGA,355000,GVE 33 TAUBATE,SANTA CASA DE MISERICÓRDIA - SAO LUIS DO PARAITINGA,PRAÇA CORONEL TEODORO COELHO 48 - CENTRO - CEP 12.140-000,1,"Botrópico, Crotálico, Escorpiônico e Loxoscélico, Fonêutrico.",1,(12) 3671-1299,JARARACA; CASCAVEL; ARANHA MARROM; ARANHA ARMADEIRA; ESCORPIÃO.,-2.322.543,-4.530.771,1,1,0,0,1,1,1,0,-23.22543,-45.30771
SAO MANUEL,355010,GVE 16 BOTUCATU,HOSPITAL CASA PIA SAO VICENTE DE PAULO,"Av. Irmãs Cintra, 468 - Centro, São Manuel - SP, 18650-000",0,,1,(14) 3812-1010,,-2.273.334,-4.857.109,0,0,0,0,0,0,0,0,-22.73334,-48.57109
SAO MIGUEL ARCANJO,355020,GVE 31 SOROCABA,HOSPITAL DE SÃO MIGUEL ARCANJO,"RUA TADASHI TAKENAKA, 100",1,"Botrópico, Crotálico, Escorpiônico e Loxoscélico, Fonêutrico.",1,(15) 3279-8300,JARARACA; CASCAVEL; ESCORPIÃO.,-2.387.332,-4.799.977,1,1,0,0,1,1,1,0,-23.87332,-47.99977
SAO PAULO,355030,GVE 1 CAPITAL,HOSPITAL VITAL BRAZIL DO INSTITUTO BUTANTAN,AV. VITAL BRASIL Nº 1500 - INSTITUTO BUTANTAN,1,"Botrópico, Crotálico, Elapídico, Laquético, Escorpiônico, Loxoscélico, Fonêutrico e Lonômico.",1,(11) 2627-9529,JARARACA; CASCAVEL; CORAL; LAQUÉTICO; ARANHA MARROM; ARANHA ARMADEIRA; ESCORPIÃO; LONÔMIA.,-2.356.513,-4.671.974,1,1,1,1,1,1,1,1,-23.56513,-46.71974
SAO PAULO,355030,GVE 1 CAPITAL,HOSPITAL CAMPO LIMPO - PS HOSPITAL MUNICIPAL FERNANDO MAURO PIRES DA ROCHA,"RUA TERESA MOUCO DE OLIVEIRA, 121 - JARDIM SÃO LUIZ",1,Escorpiônico,1,(11) 3394-7556 E 3394-7492,ESCORPIÃO.,-2.364.925,-4.674.936,0,0,0,0,0,0,1,0,-23.64925,-46.74936
SAO PAULO,355030,GVE 1 CAPITAL,HOSPITAL ESTADUAL PROF. LIBERATO JOHN ALPHONSE DI DIO (HOSPITAL GERAL DO GRAJAÚ),"R. FRANCISCO OCTAVIO PACCA, 180, PARQUE DAS NAÇÕES",1,Escorpiônico,1,(11) 3544-9444 RAMAL 415/218 / 11-947118758,ESCORPIÃO.,-2.372.906,-4.669.093,0,0,0,0,0,0,1,0,-23.72906,-46.69093
SAO PAULO,355030,GVE 1 CAPITAL,HOSPITAL GERAL DE TAIPAS “KÁTIA DE SOUZA RODRIGUES”,"AV. ELÍSIO TEIXEIRA LEITE, 6999, JARAGUÁ",1,Escorpiônico,1,(11) 3973-0400,ESCORPIÃO.,-2.344.407,-4.671.780,0,0,0,0,0,0,1,0,-23.44407,-46.7178
SAO PAULO,355030,GVE 1 CAPITAL,HOSPITAL MUNICIPAL DR. CARMINO CARRICCHIO (HOSPITAL DO TATUAPÉ),"AV. CELSO GARCIA, 4815, TATUAPÉ",1,Escorpiônico,1,(11) 3394-6980,ESCORPIÃO.,-2.353.316,-4.656.639,0,0,0,0,0,0,1,0,-23.53316,-46.56639
SAO PAULO,355030,GVE 1 CAPITAL,HOSPITAL MUNICIPAL TIDE SETÚBAL,"R. DR. JOSÉ GUILHERME EIRAS, 123 - SÃO MIGUEL PAULISTA",1,Escorpiônico,1,(11) 3394-8770,ESCORPIÃO.,-2.349.709,-4.644.020,0,0,0,0,0,0,1,0,-23.49709,-46.4402
SAO PAULO,355030,GVE 1 CAPITAL,HOSPITAL MUNICIPAL DE PARELHEIROS,"RUA EUZÉBIO COGHI, 841, JARDIM ROSCHEL, SÃO PAULO – SP, 04883-290",1,"Botrópico, Crotálico, Elapídico, Escorpiônico, Fonêutrico e  Loxoscélico.",1,(11) 4673-9660,JARARACA; CASCAVEL; CORAL; ARANHA MARROM; ARANHA ARMADEIRA; ESCORPIÃO.,-2.382.356,-4.672.669,1,1,1,0,1,1,1,0,-23.82356,-46.72669
SAO PEDRO,355040,GVE 20 PIRACICABA,UPA DE SÃO PEDRO (ANEXO À SANTA CASA),"RUA MALAQUIAS GUERRA, 162",1,"Botrópico, Crotálico e Escorpiônico.",1,(19) 3481-9270,JARARACA; CASCAVEL; ESCORPIÃO.,-2.254.522,-4.791.439,1,1,0,0,0,0,1,0,-22.54522,-47.91439
SAO PEDRO DO TURVO,355050,GVE 13 ASSIS,CENTRO DE SAUDE III DR FRANCISCO ANTONIO MARTINS,"R. Padre José Julianetti, 310, São Pedro do Turvo - SP, 18940-051",0,,0,(14) 3377-1112,,-2.275.277,-4.974.058,0,0,0,0,0,0,0,0,-22.75277,-49.74058
SAO ROQUE,355060,GVE 31 SOROCABA,HOSPITAL E MATERNIDADE SOTERO DE SOUZA,"R. Santa Isabel, 186 - Centro, São Roque - SP, 18130-565",0,,1,(11) 4719-9360,,-2.353.776,-4.713.868,0,0,0,0,0,0,0,0,-23.53776,-47.13868
SAO SEBASTIAO,355070,GVE 28 CARAGUATATUBA,PRONTO SOCORRO CENTRAL - SAO SEBASTIAO,"R CAPITÃO LUIS SOARES, 570",1,"Botrópico, Crotálico, Escorpiônico eLoxoscélico, Fonêutrico.",1,(12) 3893-3200,JARARACA; CASCAVEL; CORAL; ARANHA MARROM; ARANHA ARMADEIRA; ESCORPIÃO.,-2.380.427,-4.540.254,1,1,0,0,1,1,1,0,-23.80427,-45.40254
SAO SEBASTIAO,355070,GVE 28 CARAGUATATUBA,HOSPITAL DE CLÍNICAS DE SÃO SEBASTIÃO - COSTA SUL (BOIÇUCANGA),"AV. WALKIR VERGANI, 900",1,"Botrópico, Crotálico, Elapídico, Escorpiônico e Loxoscélico, Fonêutrico.",1,(12) 3865-2040,JARARACA; CASCAVEL; ARANHA MARROM; ARANHA ARMADEIRA; ESCORPIÃO.,-2.378.375,-4.562.863,1,1,1,0,1,1,1,0,-23.78375,-45.62863
SAO SEBASTIAO DA GRAMA,355080,GVE 26 SAO JOAO DA BOA VISTA,SANTA CASA DE MISERICORDIA DE GRAMA,"R. Nove de Julho, 286 - Centro, São Sebastião da Grama - SP, 13790-000",0,,1,(19) 3646-1166,,-2.170.880,-4.682.511,0,0,0,0,0,0,0,0,-21.7088,-46.82511
SAO SIMAO,355090,GVE 24 RIBEIRAO PRETO,SANTA CASA DE MISERICORDIA DE SAO SIMAO,"R. Bandeira Vilella, 185 - Centro, São Simão - SP, 14200-000",0,,1,(16) 3984-1113,,-2.147.913,-4.755.089,0,0,0,0,0,0,0,0,-21.47913,-47.55089
SAO VICENTE,355100,GVE 25 SANTOS,HOSPITAL SAO JOSE DE SAO VICENTE,"R. Frei Gaspar, 790 - Centro, São Vicente - SP, 11310-061",0,,1,(13) 3048-9488,,-2.396.519,-4.638.669,0,0,0,0,0,0,0,0,-23.96519,-46.38669
SARAPUI,355110,GVE 31 SOROCABA,UNIDADE MISTA DE SAUDE DE SARAPUI,"R. Ernesto Piedade - Perímetro Urbano, Sarapuí - SP, 18225-000",0,,1,(15) 3276-1507,,-2.363.982,-4.782.583,0,0,0,0,0,0,0,0,-23.63982,-47.82583
SARUTAIA,355120,GVE 16 BOTUCATU,CENTRO DE SAUDE III SARUTAIA,"R. Sete de Setembro, 840 - Centro, Sarutaiá - SP, 18840-000",0,,0,(14) 3387-1188,,-2.327.131,-4.948.330,0,0,0,0,0,0,0,0,-23.27131,-49.4833
SEBASTIANOPOLIS DO SUL,355130,GVE 29 SAO JOSE DO RIO PRETO,CS DE SEBASTIANOPOLIS DO SUL,"R. Mal. Castelo Branco, 601, Sebastianópolis do Sul - SP, 15180-000",0,,0,(17) 3837-1238,,-2.065.666,-4.992.198,0,0,0,0,0,0,0,0,-20.65666,-49.92198
SERRA AZUL,355140,GVE 24 RIBEIRAO PRETO,UNIDADE MISTA DE SAUDE MARIA AMELIA FELICIO CHINAGLIA,"Rua Levino Ferreira Ramos, 123 - Centro, Serra Azul - SP, 14230-000",0,,1,(16) 3925-0128,,-2.130.851,-4.756.237,0,0,0,0,0,0,0,0,-21.30851,-47.56237
SERRA NEGRA,355160,GVE 17 CAMPINAS,HOSPITAL SANTA ROSA DE LIMA DE SERRA NEGRA,"Av. Santos Pinto, 351 - Centro, Serra Negra - SP, 13930-000",0,,1,(19) 3892-1888,,-2.260.850,-4.670.574,0,0,0,0,0,0,0,0,-22.6085,-46.70574
SERRANA,355150,GVE 24 RIBEIRAO PRETO,SANTA CASA DE MISERICORDIA DE SERRANA,"R. João Antônio Terçariol, 67 - Centro, Serrana - SP, 14150-000",0,,1,(16) 3987-9700,,-2.121.288,-4.759.999,0,0,0,0,0,0,0,0,-21.21288,-47.59999
SERTAOZINHO,355170,GVE 24 RIBEIRAO PRETO,UPA DE SERTÃOZINHO,"RUA PEDRO CARLETO NETTO, 12 - JD. GRANDE ALIANÇA",1,Escorpiônico,1,(16) 3947-1270 / 3947-1159,ESCORPIÃO.,-2.112.017,-4.800.494,0,0,0,0,0,0,1,0,-21.12017,-48.00494
SETE BARRAS,355180,GVE 23 REGISTRO,PRONTO ATENDIMENTO - SETE BARRAS,RODOVIA SP 139 KM 21 - CENTRO,1,"Botrópico, Loxoscélico, Fonêutrico e Escorpiônico.",1,(13) 3872-5510,JARARACA; ARANHA MARROM; ARANHA ARMADEIRA; ESCORPIÃO.,-2.438.873,-4.792.926,1,0,0,0,1,1,1,0,-24.38873,-47.92926
SEVERINIA,355190,GVE 14 BARRETOS,PRONTO SOCORRO MUNICIPAL DE SEVERINIA,"Av. Cap. Alípio de Almeida, 05, Severínia - SP, 14735-000",0,,0,(17) 3817-1056,,-2.081.456,-4.880.509,0,0,0,0,0,0,0,0,-20.81456,-48.80509
SILVEIRAS,355200,GVE 33 TAUBATE,UNIDADE MISTA DE SAUDE DE SILVEIRAS,"Praça Padre Joaquim Ferreira da Cunha, 11 - Centro, Silveiras - SP",0,,1,-,,-2.266.478,-4.485.207,0,0,0,0,0,0,0,0,-22.66478,-44.85207
SOCORRO,355210,GVE 17 CAMPINAS,SANTA CASA DE MISERICÓRDIA - SOCORRO,"AV. DR. RENATO SILVA, 129",1,"Botrópico, Crotálico, Elapídico (judicial),Escorpiônico e Loxoscélico, Fonêutrico.",1,(19) 3855-9555,JARARACA; CASCAVEL; CORAL; ARANHA MARROM; ARANHA ARMADEIRA; ESCORPIÃO.,-2.259.838,-4.652.957,1,1,1,0,1,1,1,0,-22.59838,-46.52957
SOROCABA,355220,GVE 31 SOROCABA,PRONTO SOCORRO - CONJUNTO HOSPITALAR DE SOROCABA,"RUA CLÁUDIO MANOEL DA COSTA, S/N",1,"Botrópico, Crotálico, Elapídico, Laquético, Escorpiônico, Loxoscélico, Fonêutrico e Lonômico.",1,(15) 3322-9125 / 3332-9138 / 3332-9100,JARARACA; CASCAVEL; CORAL; LAQUÉTICO; ARANHA MARROM; ARANHA ARMADEIRA; ESCORPIÃO; LONÔMIA.,-2.350.924,-4.745.828,1,1,1,1,1,1,1,1,-23.50924,-47.45828
SUD MENNUCCI,355230,GVE 11 ARACATUBA,SANTA CASA DE SUD MENNUCCI,"Rua Maurício Alves de Lima, 522 - CENTRO, Sud Mennucci - SP, 15360-000",0,,1,(18) 3786-1117,,-2.068.816,-5.092.295,0,0,0,0,0,0,0,0,-20.68816,-50.92295
SUMARE,355240,GVE 17 CAMPINAS,HOSPITAL ESTADUAL DR. LEANDRO FRANCESCHINI,"AV. DA AMIZADE, 2400 – JD. BELA VISTA",1,"Escorpiônico e Loxoscélico, Fonêutrico.",1,(19) 3883-8899,ARANHA MARROM; ARANHA ARMADEIRA; ESCORPIÃO.,-2.281.668,-4.724.167,0,0,0,0,1,1,1,0,-22.81668,-47.24167
SUZANAPOLIS,355255,GVE 11 ARACATUBA,UBS DOUTOR NILDO NERI DE OLIVEIRA,"R. João Rosa de Souza - Centro, Suzanápolis - SP, 15381-026",0,,0,(18) 3706-1339,,-2.050.242,-5.102.445,0,0,0,0,0,0,0,0,-20.50242,-51.02445
SUZANO,355250,GVE 8 MOGI DAS CRUZES,HOSPITAL E MATERNIDADE DE SUZANO,"Av. Antônio Marques Figueira, 1861 - Vila Figueira, Suzano - SP, 08676-000",0,,1,(11) 4745-3333,,-2.355.201,-4.630.704,0,0,0,0,0,0,0,0,-23.55201,-46.30704
TABAPUA,355260,GVE 29 SAO JOSE DO RIO PRETO,HOSPITAL MARIA VALLE PEREIRA,"RUA ADINAEL MOREIRA, Nº 1683 - CENTRO",1,Escorpiônico,1,(17) 3562-1811,ESCORPIÃO.,-2.096.211,-4.903.406,0,0,0,0,0,0,1,0,-20.96211,-49.03406
TABATINGA,355270,GVE 12 ARARAQUARA,SANTA CASA DE MISERICORDIA SAO MIGUEL,"R. Catanduva, 206 - Vila Rossini, Tabatinga - SP, 14910-000",0,,1,(16) 3385-1911,,-2.173.841,-4.868.536,0,0,0,0,0,0,0,0,-21.73841,-48.68536
TABOAO DA SERRA,355280,GVE 10 OSASCO,HOSPITAL GERAL DE PIRAUSSARA,"Av. Ibirama, 1214 - Parque Industrial Daci, Taboão da Serra - SP, 06785-300",0,,1,(11) 3583-9400,,-2.363.998,-4.680.955,0,0,0,0,0,0,0,0,-23.63998,-46.80955
TACIBA,355290,GVE 21 PRESIDENTE PRUDENTE,UBS II DE TACIBA,"R. Manoel Xavier, 215 - Centro, Taciba - SP, 19590-000",0,,0,(18) 3997-1103,,-2.239.079,-5.128.706,0,0,0,0,0,0,0,0,-22.39079,-51.28706
TAGUAI,355300,GVE 16 BOTUCATU,SANTA CASA DE MISERICORDIA DE TAGUAI,"R. João Carniato, 90 - Centro, Taguaí - SP, 18890-000",0,,1,(14) 3386-1132,,-2.345.484,-4.940.749,0,0,0,0,0,0,0,0,-23.45484,-49.40749
TAIACU,355310,GVE 14 BARRETOS,UNIDADE MISTA DE SAUDE DE TAIACU,"R. Rui Barbosa, 660, Taiaçu - SP, 14725-000",0,,0,(16) 3275-1379,,-2.114.297,-4.850.969,0,0,0,0,0,0,0,0,-21.14297,-48.50969
TAIUVA,355320,GVE 14 BARRETOS,UNIDADE BASICA DE SAUDE JOAO ADAUTO VIDAL,"R. Antônio Simões, 130, Taiúva - SP, 14720-000",0,,0,(16) 3246-0380,,-2.112.307,-4.845.196,0,0,0,0,0,0,0,0,-21.12307,-48.45196
TAMBAU,355330,GVE 26 SAO JOAO DA BOA VISTA,SANTA CASA DE MISERICORDIA DE TAMBAU,"R. Cel. Manoel S Meireles, 40 - Centro, Tambaú - SP, 13710-000",0,,1,(19) 3673-2054,,-2.170.397,-4.727.243,0,0,0,0,0,0,0,0,-21.70397,-47.27243
TANABI,355340,GVE 29 SAO JOSE DO RIO PRETO,SANTA CASA DE TANABI,"AV. DA SAUDADE, 634, CENTRO",1,Escorpiônico,1,(17) 3274-0693,ESCORPIÃO.,-2.062.757,-4.965.212,0,0,0,0,0,0,1,0,-20.62757,-49.65212
TAPIRAI,355350,GVE 31 SOROCABA,SANTA CASA DE MISERICORDIA DE TAPIRAI,"Rua Raul Leite Magalhães, 555, Estr. do Massao, 555, Tapiraí - SP, 18180-000",0,,1,(15) 3277-1552,,-2.396.426,-4.750.357,0,0,0,0,0,0,0,0,-23.96426,-47.50357
TAPIRATIBA,355360,GVE 26 SAO JOAO DA BOA VISTA,SANTA CASA DE MISERICORDIA SAO LUCAS,"R. Sete de Setembro, 436 - Centro, Tapiratiba - SP, 13760-000",0,,0,(19) 3657-1631,,-2.146.952,-4.674.721,0,0,0,0,0,0,0,0,-21.46952,-46.74721
TAQUARAL,355365,GVE 14 BARRETOS,UNIDADE BASICA DE SAUDE DE TAQUARAL CAETANO PITELLI,"R. Central, 530 - Centro, Taquaral - SP, 14765-000",0,,0,(16) 3958-9209,,-2.107.316,-4.841.086,0,0,0,0,0,0,0,0,-21.07316,-48.41086
TAQUARITINGA,355370,GVE 12 ARARAQUARA,UPA - UNIDADE DE PRONTO ATENDIMENTO MUNICIPAL - TAQUARITINGA,"AV. VICENTE JOSÉ PARISE, 2100",1,"Botrópico, Crotálico, Loxoscélico, Fonêutrico eEscorpiônico.",1,(16) 3253-8890,JARARACA; CASCAVEL; ARANHA MARROM; ARANHA ARMADEIRA; ESCORPIÃO.,-2.140.245,-4.849.728,1,1,0,0,1,1,1,0,-21.40245,-48.49728
TAQUARITUBA,355380,GVE 16 BOTUCATU,SANTA CASA DE MISERICÓRDIA - TAQUARITUBA,"RUA MARECHAL PEIXOTO, Nº 95",1,"Botrópico, Crotálico, Loxoscélico, Fonêutrico e Escorpiônico.",1,(14) 3762-1700,JARARACA; CASCAVEL; ARANHA MARROM; ARANHA ARMADEIRA; ESCORPIÃO.,-2.353.936,-4.924.544,1,1,0,0,1,1,1,0,-23.53936,-49.24544
TAQUARIVAI,355385,GVE 32 ITAPEVA,PRONTO ATENDIMENTO DE TAQUARIVAI,"Alameda 31 de Dezembro - Centro, Taquarivaí - SP, 18425-000",0,,0,(15) 3584-1024,,-2.392.687,-4.870.159,0,0,0,0,0,0,0,0,-23.92687,-48.70159
TARABAI,355390,GVE 21 PRESIDENTE PRUDENTE,UNIDADE BASICA DE SAUDE II DE TARABAI,"Av. Pref. Waldemar Calvo, 2585, Tarabai - SP, 19210-000",0,,0,(18 )3289-1234,,-2.230.347,-5.156.344,0,0,0,0,0,0,0,0,-22.30347,-51.56344
TARUMA,355395,GVE 13 ASSIS,COMPLEXO DE SAUDE DE TARUMA,"Av. das Primaveras, 1021, Tarumã - SP, 19820-000",0,,1,(18) 3373-4519,,-2.275.227,-5.058.595,0,0,0,0,0,0,0,0,-22.75227,-50.58595
TATUI,355400,GVE 31 SOROCABA,UPA DE TATUÍ,"RUA QUIM QUEVEDO, 56",1,"Botrópico, Crotálico, Escorpiônico e Loxoscélico, Fonêutrico.",1,(15) 3305-8800,JARARACA; CASCAVEL; ESCORPIÃO.,-2.334.175,-4.784.206,1,1,0,0,1,1,1,0,-23.34175,-47.84206
TAUBATE,355410,GVE 33 TAUBATE,PRONTO SOCORRO MUNICIPAL DE TAUBATÉ,RUA BENEDITO CURSINO DOS SANTOS 101 - CENTRO - CEP 12.030-190,1,Escorpiônico,1,(12) 3621-6036,JARARACA; CASCAVEL; CORAL; ARANHA MARROM; ARANHA ARMADEIRA; ESCORPIÃO; LONÔMIA.,-2.303.014,-4.556.732,0,0,0,0,0,0,1,0,-23.03014,-45.56732
TAUBATE,355410,GVE 33 TAUBATE,UNIDADE PRONTO SOCORRO INFANTIL DE TAUBATÉ - HOSPITAL UNIVERSITÁRIO DE TAUBATÉ (HMUT),"AV. GRANADEIRO GUIMARÃES, 270 - CENTRO, TAUBATÉ - SP, 12020-120",1,"Botrópico, Crotálico, Elapídico, Escorpiônico, Loxoscélico, Fonêutrico e Lonômico.",1,(12) 3625-7500,ESCORPIÃO.,-2.302.155,-4.555.635,1,1,1,0,1,1,1,1,-23.02155,-45.55635
TEJUPA,355420,GVE 16 BOTUCATU,UBS DE TEJUPA,"Praça Domingos Sartori, 34 - Centro, Tejupá - SP, 18830-023",0,,0,(14) 3385-1126,,-2.334.303,-4.937.690,0,0,0,0,0,0,0,0,-23.34303,-49.3769
TEODORO SAMPAIO,355430,GVE 22 PRESIDENTE VENCESLAU,HOSPITAL REGIONAL DE TEODORO SAMPAIO,"ALAMEDA TRIFON INFANTE ALGARIM, 1430",1,"Botrópico, Crotálico, Escorpiônico e Loxoscélico, Fonêutrico.",1,(18) 3828-1333,JARARACA; CASCAVEL; ARANHA MARROM; ARANHA ARMADEIRA; ESCORPIÃO.,-2.253.340,-5.217.095,1,1,0,0,1,1,1,0,-22.5334,-52.17095
TERRA ROXA,355440,GVE 14 BARRETOS,HOSPITAL TERRA ROXA,"R. Fernando Costa, 2, Terra Roxa - SP, 14745-000",0,,0,(17) 3395-1955,,-2.079.041,-4.833.109,0,0,0,0,0,0,0,0,-20.79041,-48.33109
TIETE,355450,GVE 31 SOROCABA,SANTA CASA DE MISERICORDIA DE TIETE,"R. Ten. Gelás, 1035 - Centro, Tietê - SP, 18530-000",0,,1,(15) 3285-9444,,-2.310.669,-4.771.379,0,0,0,0,0,0,0,0,-23.10669,-47.71379
TIMBURI,355460,GVE 13 ASSIS,CENTRO DE SAUDE DE TIMBURI,"R. Sebastião Carlos Simões, 944, Timburi - SP, 18860-000",0,,0,(14) 3389-1146,,-2.320.928,-4.960.394,0,0,0,0,0,0,0,0,-23.20928,-49.60394
TORRE DE PEDRA,355465,GVE 16 BOTUCATU,UNIDADE BASICA DE SAUDE DE TORRE DE PEDRA,"R. Ataliba da Costa Avila, nº 68 - Centro, Torre de Pedra - SP, 18265-000",0,,0,(15) 3252-1114,,-2.324.586,-4.819.482,0,0,0,0,0,0,0,0,-23.24586,-48.19482
TORRINHA,355470,GVE 15 BAURU,HOSPITAL PADRE NICANOR MERINO TORRINHA,"R. Ângelo Bortolai, 126 - Centro, Torrinha - SP, 17360-000",1,Escorpiônico,1,(14) 3656-1444,ESCORPIÃO,-2.242.391,-4.816.975,0,0,0,0,0,0,1,0,-22.42391,-48.16975
TRABIJU,355475,GVE 12 ARARAQUARA,UNIDADE BASICA DE SAUDE MANOEL MORALES TRABIJU,"Av. 27 de Dezembro, Trabiju - SP, 14935-000",0,,0,(16) 3349-1124,,-2.204.133,-4.833.878,0,0,0,0,0,0,0,0,-22.04133,-48.33878
TREMEMBE,355480,GVE 33 TAUBATE,PRONTO ATENDIMENTO MUNICIPAL PAULO BARBOSA RANGEL TREMEMBE,"Av. Audra, 316 - Vila Nossa Sra. da Guia, Tremembé - SP, 12125-010",0,,1,(12) 3672-4189,,-2.296.316,-4.555.261,0,0,0,0,0,0,0,0,-22.96316,-45.55261
TRES FRONTEIRAS,355490,GVE 30 JALES,ESF DO JARDIM RAFAEL TRES FRONTEIRAS,"R. José Manoel Ferreira, Três Fronteiras - SP, 15770-000",0,,0,(17) 3691-1507,,-2.023.151,-5.088.949,0,0,0,0,0,0,0,0,-20.23151,-50.88949
TUIUTI,355495,GVE 17 CAMPINAS,CENTRO DE SAUDE PE CESAR CORNEO,"R. Joaquim de Silveira Lima, 129 - Centro, Tuiuti - SP, 12930-035",0,,0,(11) 4015-6218,,-2.281.480,-4.669.327,0,0,0,0,0,0,0,0,-22.8148,-46.69327
TUPA,355500,GVE 19 MARILIA,SANTA CASA DE MISERICÓRDIA - TUPÃ,"R. MANOEL FERREIRA DAMIÃO, 426",1,"Botrópico, Crotálico, Loxoscélico, Fonêutrico e Escorpiônico.",1,(14) 3044-5555,JARARACA; CASCAVEL; ARANHA MARROM; ARANHA ARMADEIRA; ESCORPIÃO.,-2.192.396,-5.051.778,1,1,0,0,1,1,1,0,-21.92396,-50.51778
TUPI PAULISTA,355510,GVE 22 PRESIDENTE VENCESLAU,SANTA CASA DE MISERICÓRDIA - TUPI PAULISTA,"RUA ALMIRANTE BARROSO, 1436",1,"Botrópico, Crotálico, Escorpiônico e Loxoscélico, Fonêutrico.",1,(18) 3851-2420,JARARACA; CASCAVEL; ARANHA MARROM; ARANHA ARMADEIRA; ESCORPIÃO.,-2.138.750,-5.156.694,1,1,0,0,1,1,1,0,-21.3875,-51.56694
TURIUBA,355520,GVE 11 ARACATUBA,UNIDADE BASICA DE SAUDE BENEDITO AP FABRICIO DOS SANTOS,"R. Sabina da Glória, 572 - Turiuba, Turiúba - SP, 15280-000",0,,0,(18) 3696-1223,,-2.095.100,-5.010.724,0,0,0,0,0,0,0,0,-20.951,-50.10724
TURMALINA,355530,GVE 30 JALES,UBS ENFERMEIRA ANNE LARISSA LEOCI,"R. Duque de Caxias, 279 - Turmalina, SP, 15755-000",0,,0,(17) 3667-1124,,-2.005.347,-5.047.583,0,0,0,0,0,0,0,0,-20.05347,-50.47583
UBARANA,355535,GVE 29 SAO JOSE DO RIO PRETO,UBS DE UBARANA,"Av. Aristídes Alves de Lima, 609, Ubarana - SP, 15225-000",0,,0,(17) 3807-8750,,-2.115.910,-4.971.373,0,0,0,0,0,0,0,0,-21.1591,-49.71373
UBATUBA,355540,GVE 28 CARAGUATATUBA,SANTA CASA DE MISERICORDIA - UBATUBA,"R CONCEIÇÃO, 135",1,"Botrópico, Crotálico, Loxoscélico, Fonêutrico e Escorpiônico.",1,(12) 3834-3230,JARARACA; CASCAVEL; ARANHA MARROM; ARANHA ARMADEIRA; ESCORPIÃO.,-2.343.501,-4.507.147,1,1,0,0,1,1,1,0,-23.43501,-45.07147
UBIRAJARA,355550,GVE 19 MARILIA,UNIDADE DE SAUDE DA FAMILIA DE UBIRAJARA,"R. Lázaro Machado de Oliveira, 413 - Ubirajara, SP, 17440-031",0,,1,-,,-2.252.620,-4.966.385,0,0,0,0,0,0,0,0,-22.5262,-49.66385
UCHOA,355560,GVE 29 SAO JOSE DO RIO PRETO,ESF CENTRAL DR MIGUEL JOSE CHADDAD,"Av. Eduardo Hidalgo, 428, Uchoa - SP, 15890-000",0,,0,(17) 3826-9240,,-2.095.564,-4.917.785,0,0,0,0,0,0,0,0,-20.95564,-49.17785
UNIAO PAULISTA,355570,GVE 29 SAO JOSE DO RIO PRETO,CS DE UNIAO PAULISTA,"R. Vinte e Um de Março, 631 - Centro, União Paulista - SP, 15250-000",0,,0,(17) 3278-1140,,-2.088.726,-4.989.890,0,0,0,0,0,0,0,0,-20.88726,-49.8989
URANIA,355580,GVE 30 JALES,SANTA CASA DE MISERICORDIA DE URANIA,"R. da Glória, 218 - Nossa Sra. de Fátima, Urânia - SP, 15760-000",0,,1,(17) 3634-1299,,-2.025.250,-5.064.291,0,0,0,0,0,0,0,0,-20.2525,-50.64291
URU,355590,GVE 15 BAURU,CENTRO DE SAUDE DE URU,"Av. Pres. Vargas, 157-237, Uru - SP, 16650-000",0,,0,(14) 3582-1110,,-2.178.476,-4.928.257,0,0,0,0,0,0,0,0,-21.78476,-49.28257
URUPES,355600,GVE 29 SAO JOSE DO RIO PRETO,HOSPITAL SÃO LOURENÇO - URUPÊS,"R. BARÃO DO RIO BRANCO, 226-372, CENTRO - 15850-000",1,Escorpiônico,1,(17) 3552-1339,ESCORPIÃO.,-2.120.017,-4.928.687,0,0,0,0,0,0,1,0,-21.20017,-49.28687
VALENTIM GENTIL,355610,GVE 29 SAO JOSE DO RIO PRETO,ESTRATEGIA SAUDE DA FAMILIA CENTRAL,"Av. Cavalin, 733, Valentim Gentil - SP, 15520-000",0,,0,(17) 3485-9030,,-2.042.414,-5.008.488,0,0,0,0,0,0,0,0,-20.42414,-50.08488
VALINHOS,355620,GVE 17 CAMPINAS,IRMANDADE DA SANTA CASA DE MISERICORDIA DE VALINHOS,"Av. Onze de Agosto, 2745 - Taperá, Valinhos - SP, 13271-210",0,,1,(19) 3869-5111,,-2.296.354,-4.701.099,0,0,0,0,0,0,0,0,-22.96354,-47.01099
VALPARAISO,355630,GVE 11 ARACATUBA,SANTA CASA DE VALPARAÍSO,"RUA BARTOLOMEU BUENO, 241",1,"Botrópico, Crotálico, Loxoscélico, Fonêutrico e Escorpiônico.",1,(18) 3701-1421,JARARACA; CASCAVEL; ARANHA MARROM; ARANHA ARMADEIRA; ESCORPIÃO.,-2.123.074,-5.086.201,1,1,0,0,1,1,1,0,-21.23074,-50.86201
VARGEM,355635,GVE 17 CAMPINAS,CENTRO DE SAUDE FARMACEUTICA ROSANGELA DE ALMEIDA LISBOA,"R. Vicente Pedro da Silva, 50 - Centro, Vargem - SP, 12935-000",0,,0,(11) 4598-4411,,-2.289.267,-4.641.805,0,0,0,0,0,0,0,0,-22.89267,-46.41805
VARGEM GRANDE DO SUL,355640,GVE 26 SAO JOAO DA BOA VISTA,HOSPITAL DE CARIDADE DE VARGEM GRANDE DO SUL,"Praça Nossa Sra. Aparecida, 61 - Centro, Vargem Grande do Sul - SP, 13880-000",0,,1,(19) 3641-9300,,-2.183.812,-4.689.913,0,0,0,0,0,0,0,0,-21.83812,-46.89913
VARGEM GRANDE PAULISTA,355645,GVE 10 OSASCO,PRONTO ATENDIMENTO LUIZ GONZAGA ROCHA,"71, R. Nazaré, 1 - Jardim Bela Vista, Vargem Grande Paulista - SP, 06730-000",0,,1,(11) 4158-3170,,-2.360.776,-4.701.734,0,0,0,0,0,0,0,0,-23.60776,-47.01734
VARZEA PAULISTA,355650,GVE 17 CAMPINAS,UNIDADE DE PRONTO ATENDIMENTO DE VARZEA PAULISTA UPA II,"Av. do Pinheirinho, S/N - Nucleo Res. Satelite, Várzea Paulista - SP, 13224-240",0,,1,(11) 4606-0546,,-2.321.203,-4.683.061,0,0,0,0,0,0,0,0,-23.21203,-46.83061
VERA CRUZ,355660,GVE 19 MARILIA,UNIDADE BASICA DE SAUDE II ANTONIO ALBERTO MACUCO JANINI,"Av. Paulista, Vera Cruz - SP, 17560-000",0,,0,(14) 3492-1122,,-2.222.329,-4.982.206,0,0,0,0,0,0,0,0,-22.22329,-49.82206
VINHEDO,355670,GVE 17 CAMPINAS,SANTA CASA DE VINHEDO,"Av. Independência, 4705 - Jardim Santa Rosa, Vinhedo - SP, 13280-000",0,,0,(19) 3836-5750,,-2.303.414,-4.697.984,0,0,0,0,0,0,0,0,-23.03414,-46.97984
VIRADOURO,355680,GVE 14 BARRETOS,HOSPITAL E MATERNIDADE SAO VICENTE DE PAULA,"R. do Hospital, 53, Viradouro - SP, 14740-000",0,,1,(17) 3392-1911,,-2.087.480,-4.829.895,0,0,0,0,0,0,0,0,-20.8748,-48.29895
VISTA ALEGRE DO ALTO,355690,GVE 14 BARRETOS,UNIDADE BASICA DE SAUDE ANTONIO APPARECIDO FIORANI,"R. Manoel Marquês, 186, Vista Alegre do Alto - SP, 15920-000",0,,0,(16) 3287-1547,,-2.117.729,-4.862.835,0,0,0,0,0,0,0,0,-21.17729,-48.62835
VITORIA BRASIL,355695,GVE 30 JALES,UBS DE VITORIA BRASIL,"R. Mato Grosso, 738, Vitória Brasil - SP, 15713-000",0,,0,(17) 3642-1170,,-2.020.118,-5.048.364,0,0,0,0,0,0,0,0,-20.20118,-50.48364
VOTORANTIM,355700,GVE 31 SOROCABA,HOSPITAL MUNICIPAL DR LAURO ROBERTO FOGACA,"RUA JOAO WALTER, 181",0,,1,(15) 3353-9300,,-2.354.452,-4.744.973,0,0,0,0,0,0,0,0,-23.54452,-47.44973
VOTUPORANGA,355710,GVE 29 SAO JOSE DO RIO PRETO,SANTA CASA DE MISERICÓRDIA - VOTUPORANGA,RUA MINAS GERAIS 3051,1,"Botrópico, Crotálico, Escorpiônico e Loxoscélico, Fonêutrico.",1,(17) 3405-9133,JARARACA; CASCAVEL; ARANHA MARROM; ARANHA ARMADEIRA; ESCORPIÃO.,-2.042.646,-4.997.860,1,1,0,0,1,1,1,0,-20.42646,-49.9786
ZACARIAS,355715,GVE 29 SAO JOSE DO RIO PRETO,UBS II MARIA WEDEKIM,"R. José Felipe de Oliveira, 999 - Jardim Primavera, Zacarias - SP, 15265-000",0,,0,(18) 3694-8300,,-2.105.390,-5.005.636,0,0,0,0,0,0,0,0,-21.0539,-50.05636
